snapshot_id,product_id,warehouse_id,snapshot_date,quantity_on_hand,quantity_reserved,quantity_available,reorder_point,reorder_quantity,supplier_id,last_received_date,unit_cost
snap_000001,prod_7338,wh_004,2026-04-23,420,22,398,45,52,supp_004,2026-03-22,349.5
snap_000002,prod_8612,wh_001,2026-02-25,368,30,338,59,197,supp_001,2026-03-18,979.12
snap_000003,prod_5354,wh_005,2026-04-13,439,23,416,67,62,supp_004,2026-04-03,930.16
snap_000004,prod_7599,wh_004,2026-04-07,327,19,308,52,135,supp_005,2026-03-30,740.74
snap_000005,prod_8852,wh_001,2026-03-31,137,31,106,31,84,supp_004,2026-03-11,92.42
snap_000006,prod_5681,wh_004,2026-03-23,337,8,329,87,165,supp_004,2026-02-04,63.55
snap_000007,prod_7499,wh_003,2026-04-24,499,30,469,83,149,supp_001,2026-03-25,299.13
snap_000008,prod_6557,wh_004,2026-03-09,347,18,329,26,115,supp_001,2026-04-08,569.04
snap_000009,prod_8563,wh_002,2026-03-22,71,33,38,51,170,supp_005,2026-03-19,52.84
snap_000010,prod_9376,wh_003,2026-03-13,65,40,25,78,188,supp_003,2026-02-07,531.91
snap_000011,prod_7307,wh_004,2026-03-04,196,8,188,61,192,supp_003,2026-02-15,440.74
snap_000012,prod_5027,wh_001,2026-03-16,39,13,26,45,164,supp_004,2026-02-10,227.3
snap_000013,prod_2502,wh_005,2026-03-26,487,28,459,96,143,supp_001,2026-02-04,667.63
snap_000014,prod_2433,wh_001,2026-04-02,163,21,142,53,60,supp_003,2026-02-14,196.31
snap_000015,prod_5316,wh_004,2026-03-21,131,9,122,82,79,supp_004,2026-04-10,909.19
snap_000016,prod_2329,wh_005,2026-03-20,372,39,333,58,89,supp_001,2026-03-27,199.13
snap_000017,prod_4644,wh_001,2026-04-02,40,32,8,43,149,supp_002,2026-01-25,157.33
snap_000018,prod_4438,wh_002,2026-03-11,90,32,58,87,75,supp_005,2026-03-17,797.89
snap_000019,prod_9919,wh_001,2026-03-12,494,17,477,22,109,supp_003,2026-04-07,784.23
snap_000020,prod_9722,wh_003,2026-04-10,94,40,54,22,56,supp_002,2026-04-12,864.18
snap_000021,prod_3734,wh_002,2026-03-12,498,13,485,80,137,supp_003,2026-02-04,537.08
snap_000022,prod_8669,wh_003,2026-03-31,434,9,425,55,86,supp_001,2026-02-03,512.37
snap_000023,prod_2196,wh_003,2026-03-06,317,7,310,80,55,supp_003,2026-04-04,757.56
snap_000024,prod_9671,wh_001,2026-04-17,438,11,427,51,104,supp_001,2026-03-23,234.65
snap_000025,prod_5906,wh_001,2026-04-05,217,30,187,75,181,supp_005,2026-03-08,864.56
snap_000026,prod_3130,wh_005,2026-04-07,451,38,413,55,117,supp_002,2026-03-18,266.4
snap_000027,prod_5253,wh_001,2026-03-09,149,40,109,69,134,supp_001,2026-03-11,457.64
snap_000028,prod_2674,wh_005,2026-03-19,51,11,40,89,139,supp_002,2026-04-04,696.01
snap_000029,prod_4327,wh_002,2026-04-23,355,29,326,49,84,supp_004,2026-02-03,376.04
snap_000030,prod_4401,wh_005,2026-04-09,62,21,41,24,96,supp_002,2026-02-13,607.0
snap_000031,prod_3728,wh_001,2026-04-08,458,5,453,51,83,supp_005,2026-02-03,98.86
snap_000032,prod_2402,wh_001,2026-04-13,178,18,160,63,72,supp_003,2026-04-03,727.3
snap_000033,prod_2565,wh_002,2026-03-10,422,31,391,28,68,supp_002,2026-03-22,187.33
snap_000034,prod_8942,wh_002,2026-04-09,37,32,5,57,187,supp_002,2026-02-03,349.47
snap_000035,prod_5378,wh_004,2026-03-08,342,24,318,96,170,supp_003,2026-03-07,395.82
snap_000036,prod_1043,wh_002,2026-03-10,279,30,249,40,121,supp_005,2026-03-25,477.02
snap_000037,prod_7848,wh_003,2026-03-27,355,24,331,37,133,supp_004,2026-02-06,574.25
snap_000038,prod_2451,wh_003,2026-04-05,120,30,90,29,148,supp_003,2026-03-17,187.06
snap_000039,prod_8298,wh_005,2026-03-02,250,12,238,91,150,supp_002,2026-03-20,72.85
snap_000040,prod_2089,wh_002,2026-03-28,495,24,471,89,57,supp_003,2026-03-22,154.65
snap_000041,prod_1232,wh_004,2026-04-13,80,16,64,55,80,supp_003,2026-02-01,829.63
snap_000042,prod_3861,wh_002,2026-04-04,465,11,454,67,82,supp_004,2026-02-28,646.61
snap_000043,prod_6598,wh_003,2026-04-18,449,22,427,58,83,supp_005,2026-04-03,812.19
snap_000044,prod_2969,wh_005,2026-04-02,202,22,180,87,157,supp_005,2026-03-15,114.58
snap_000045,prod_4097,wh_001,2026-04-20,421,5,416,48,93,supp_002,2026-02-22,101.98
snap_000046,prod_1205,wh_001,2026-03-04,294,26,268,50,84,supp_001,2026-03-31,753.04
snap_000047,prod_6456,wh_004,2026-03-13,378,18,360,60,79,supp_005,2026-04-01,829.79
snap_000048,prod_4458,wh_004,2026-03-17,498,36,462,95,128,supp_005,2026-02-14,192.93
snap_000049,prod_5245,wh_004,2026-03-08,420,32,388,78,176,supp_004,2026-02-08,155.63
snap_000050,prod_8484,wh_004,2026-02-26,179,24,155,32,168,supp_001,2026-02-19,899.26
snap_000051,prod_7026,wh_003,2026-04-11,134,30,104,70,164,supp_002,2026-03-07,233.88
snap_000052,prod_8702,wh_004,2026-04-05,133,5,128,46,136,supp_003,2026-03-06,474.7
snap_000053,prod_3428,wh_005,2026-02-26,121,8,113,68,76,supp_003,2026-04-10,736.92
snap_000054,prod_2767,wh_001,2026-04-15,328,9,319,46,152,supp_002,2026-02-02,193.17
snap_000055,prod_5548,wh_002,2026-03-11,273,40,233,51,135,supp_004,2026-02-16,526.91
snap_000056,prod_8005,wh_004,2026-04-02,484,37,447,66,134,supp_002,2026-04-12,531.82
snap_000057,prod_5072,wh_005,2026-03-23,253,22,231,71,122,supp_002,2026-02-14,891.44
snap_000058,prod_4336,wh_001,2026-03-14,86,13,73,49,162,supp_003,2026-03-24,377.96
snap_000059,prod_1313,wh_003,2026-04-03,175,14,161,44,190,supp_003,2026-04-10,198.94
snap_000060,prod_4803,wh_005,2026-03-02,462,37,425,67,77,supp_002,2026-03-02,254.26
snap_000061,prod_8247,wh_003,2026-03-21,274,38,236,62,171,supp_001,2026-01-29,805.46
snap_000062,prod_9026,wh_001,2026-03-31,308,17,291,51,166,supp_004,2026-03-27,273.51
snap_000063,prod_6695,wh_001,2026-04-15,119,25,94,53,157,supp_003,2026-03-09,710.76
snap_000064,prod_5792,wh_004,2026-03-11,224,26,198,57,169,supp_003,2026-03-23,584.78
snap_000065,prod_3630,wh_002,2026-03-25,336,22,314,48,177,supp_004,2026-03-20,105.47
snap_000066,prod_7871,wh_002,2026-03-09,311,24,287,54,66,supp_002,2026-04-07,502.66
snap_000067,prod_1094,wh_002,2026-04-15,353,17,336,72,60,supp_001,2026-03-12,865.62
snap_000068,prod_4827,wh_005,2026-03-20,351,6,345,86,117,supp_005,2026-03-11,887.58
snap_000069,prod_6738,wh_004,2026-04-01,434,19,415,74,123,supp_003,2026-02-01,415.54
snap_000070,prod_5245,wh_003,2026-04-13,481,31,450,91,88,supp_002,2026-03-12,600.45
snap_000071,prod_8449,wh_003,2026-04-09,202,23,179,54,59,supp_004,2026-03-10,778.68
snap_000072,prod_2170,wh_004,2026-04-23,32,14,18,62,130,supp_001,2026-03-15,961.2
snap_000073,prod_7490,wh_005,2026-04-15,308,34,274,40,97,supp_003,2026-02-26,122.07
snap_000074,prod_4390,wh_002,2026-03-12,430,30,400,68,161,supp_001,2026-03-25,877.28
snap_000075,prod_5612,wh_005,2026-03-14,36,8,28,73,91,supp_001,2026-02-23,562.46
snap_000076,prod_3268,wh_005,2026-04-20,324,17,307,49,121,supp_003,2026-02-22,115.41
snap_000077,prod_7335,wh_001,2026-03-21,50,15,35,51,144,supp_004,2026-04-12,639.82
snap_000078,prod_8841,wh_001,2026-04-11,294,16,278,60,51,supp_001,2026-03-09,404.8
snap_000079,prod_6514,wh_003,2026-03-13,60,8,52,63,108,supp_002,2026-03-21,720.19
snap_000080,prod_9082,wh_004,2026-03-23,471,17,454,72,101,supp_003,2026-03-13,542.7
snap_000081,prod_3620,wh_003,2026-02-28,259,6,253,96,90,supp_004,2026-02-19,444.9
snap_000082,prod_9717,wh_001,2026-02-27,32,25,7,73,118,supp_004,2026-03-19,926.11
snap_000083,prod_6467,wh_004,2026-03-04,346,32,314,84,126,supp_005,2026-02-27,100.32
snap_000084,prod_4107,wh_004,2026-02-28,181,13,168,39,83,supp_003,2026-02-27,452.04
snap_000085,prod_3455,wh_001,2026-04-04,322,29,293,55,88,supp_002,2026-02-19,61.72
snap_000086,prod_4593,wh_003,2026-03-01,127,18,109,27,100,supp_004,2026-03-31,982.49
snap_000087,prod_4657,wh_004,2026-04-02,327,8,319,89,152,supp_004,2026-01-28,557.02
snap_000088,prod_5350,wh_005,2026-03-09,40,39,1,32,58,supp_005,2026-02-09,153.3
snap_000089,prod_1534,wh_002,2026-04-02,113,29,84,26,69,supp_002,2026-03-16,378.02
snap_000090,prod_6392,wh_004,2026-04-03,440,15,425,51,68,supp_005,2026-02-25,555.18
snap_000091,prod_9778,wh_003,2026-03-11,341,28,313,36,100,supp_004,2026-03-07,862.83
snap_000092,prod_3568,wh_002,2026-04-19,408,15,393,75,116,supp_001,2026-04-06,740.98
snap_000093,prod_1872,wh_003,2026-02-27,347,20,327,81,188,supp_001,2026-03-31,488.72
snap_000094,prod_7256,wh_005,2026-03-24,108,18,90,58,195,supp_001,2026-02-22,720.39
snap_000095,prod_7085,wh_004,2026-03-11,244,22,222,35,82,supp_004,2026-02-10,557.74
snap_000096,prod_3179,wh_005,2026-03-28,415,32,383,68,54,supp_004,2026-04-05,429.91
snap_000097,prod_3634,wh_005,2026-03-18,301,15,286,67,131,supp_001,2026-01-27,757.0
snap_000098,prod_2115,wh_003,2026-03-06,445,19,426,68,105,supp_004,2026-02-09,347.12
snap_000099,prod_1656,wh_003,2026-04-18,376,11,365,82,76,supp_003,2026-02-01,685.58
snap_000100,prod_7328,wh_003,2026-03-16,35,28,7,90,151,supp_004,2026-03-27,66.15
snap_000101,prod_4787,wh_001,2026-03-14,196,23,173,80,52,supp_002,2026-02-23,684.41
snap_000102,prod_2474,wh_004,2026-03-07,153,5,148,61,189,supp_002,2026-03-30,815.32
snap_000103,prod_2609,wh_005,2026-04-18,304,40,264,39,186,supp_004,2026-03-10,444.7
snap_000104,prod_9677,wh_004,2026-02-28,170,5,165,43,129,supp_002,2026-02-04,851.56
snap_000105,prod_1164,wh_005,2026-04-15,334,15,319,95,88,supp_003,2026-02-18,129.75
snap_000106,prod_1604,wh_001,2026-04-08,436,23,413,62,183,supp_005,2026-02-19,795.75
snap_000107,prod_8217,wh_004,2026-04-16,68,36,32,62,160,supp_001,2026-01-30,999.27
snap_000108,prod_1089,wh_003,2026-03-19,153,39,114,73,78,supp_003,2026-02-16,567.33
snap_000109,prod_6317,wh_002,2026-03-31,107,29,78,58,130,supp_002,2026-04-10,131.74
snap_000110,prod_6936,wh_001,2026-02-24,271,23,248,86,112,supp_003,2026-02-17,926.67
snap_000111,prod_3518,wh_002,2026-04-06,463,29,434,95,134,supp_001,2026-03-22,339.23
snap_000112,prod_1373,wh_002,2026-04-06,426,5,421,68,108,supp_005,2026-03-08,739.16
snap_000113,prod_4600,wh_003,2026-03-01,79,20,59,37,155,supp_005,2026-01-29,630.37
snap_000114,prod_4069,wh_005,2026-03-21,59,19,40,53,142,supp_001,2026-03-20,282.46
snap_000115,prod_2403,wh_001,2026-03-08,496,26,470,97,96,supp_002,2026-03-02,51.71
snap_000116,prod_5630,wh_003,2026-03-11,320,28,292,78,72,supp_001,2026-04-12,499.46
snap_000117,prod_2087,wh_001,2026-04-24,117,36,81,68,140,supp_003,2026-04-12,221.1
snap_000118,prod_2900,wh_005,2026-03-01,402,20,382,93,168,supp_002,2026-02-19,151.89
snap_000119,prod_9629,wh_001,2026-04-02,276,15,261,42,69,supp_003,2026-01-25,574.09
snap_000120,prod_1462,wh_004,2026-03-17,464,36,428,79,134,supp_003,2026-03-26,412.47
snap_000121,prod_3657,wh_005,2026-04-20,308,9,299,69,186,supp_005,2026-03-24,725.17
snap_000122,prod_2659,wh_002,2026-04-09,193,11,182,95,54,supp_003,2026-03-17,874.83
snap_000123,prod_8564,wh_001,2026-03-28,81,15,66,99,128,supp_004,2026-03-10,365.06
snap_000124,prod_2060,wh_003,2026-04-05,136,19,117,72,131,supp_003,2026-02-05,501.99
snap_000125,prod_9572,wh_003,2026-02-28,233,7,226,27,110,supp_002,2026-04-11,95.84
snap_000126,prod_2180,wh_002,2026-03-04,165,5,160,38,63,supp_002,2026-01-25,132.73
snap_000127,prod_4252,wh_004,2026-02-25,325,6,319,75,191,supp_005,2026-04-07,583.28
snap_000128,prod_1987,wh_004,2026-03-16,187,37,150,20,88,supp_002,2026-03-12,717.84
snap_000129,prod_2808,wh_005,2026-02-25,88,26,62,89,107,supp_005,2026-01-28,241.1
snap_000130,prod_2068,wh_002,2026-03-05,439,6,433,100,72,supp_004,2026-02-02,336.66
snap_000131,prod_9344,wh_003,2026-03-06,140,32,108,67,177,supp_002,2026-03-21,594.81
snap_000132,prod_5988,wh_003,2026-03-02,487,23,464,74,51,supp_003,2026-03-27,734.91
snap_000133,prod_7801,wh_001,2026-04-12,153,10,143,96,164,supp_002,2026-02-28,914.19
snap_000134,prod_2471,wh_001,2026-03-18,229,11,218,38,94,supp_004,2026-02-23,820.32
snap_000135,prod_5855,wh_005,2026-03-19,369,17,352,23,54,supp_003,2026-02-11,743.22
snap_000136,prod_7744,wh_004,2026-03-25,155,31,124,59,155,supp_005,2026-03-25,675.82
snap_000137,prod_1520,wh_005,2026-03-29,491,15,476,43,92,supp_005,2026-02-18,960.2
snap_000138,prod_7762,wh_001,2026-03-08,236,34,202,96,73,supp_002,2026-04-13,340.53
snap_000139,prod_6933,wh_001,2026-03-01,266,35,231,96,121,supp_001,2026-03-07,249.32
snap_000140,prod_6018,wh_005,2026-04-10,213,29,184,86,199,supp_001,2026-02-27,451.04
snap_000141,prod_5397,wh_002,2026-03-15,477,26,451,68,91,supp_003,2026-03-05,77.52
snap_000142,prod_7721,wh_002,2026-03-29,82,37,45,90,169,supp_004,2026-03-01,197.65
snap_000143,prod_5438,wh_004,2026-03-01,296,5,291,66,103,supp_003,2026-03-30,587.7
snap_000144,prod_2325,wh_002,2026-02-26,181,13,168,58,173,supp_002,2026-04-03,240.47
snap_000145,prod_9550,wh_001,2026-03-17,62,20,42,60,114,supp_004,2026-03-31,105.87
snap_000146,prod_4662,wh_005,2026-03-30,247,11,236,99,142,supp_002,2026-03-25,344.85
snap_000147,prod_1794,wh_005,2026-04-11,268,38,230,38,69,supp_001,2026-03-23,992.23
snap_000148,prod_9178,wh_001,2026-04-11,375,6,369,44,82,supp_003,2026-02-19,817.09
snap_000149,prod_1099,wh_003,2026-04-01,491,16,475,35,148,supp_004,2026-03-04,838.46
snap_000150,prod_9050,wh_003,2026-03-16,460,23,437,24,75,supp_002,2026-02-24,439.11
snap_000151,prod_7101,wh_002,2026-04-10,231,15,216,80,99,supp_003,2026-01-29,203.14
snap_000152,prod_5861,wh_002,2026-04-06,159,36,123,42,136,supp_001,2026-02-10,365.33
snap_000153,prod_9976,wh_002,2026-03-09,309,11,298,27,119,supp_004,2026-02-03,883.86
snap_000154,prod_4830,wh_005,2026-04-24,488,19,469,72,77,supp_004,2026-04-01,83.18
snap_000155,prod_2028,wh_005,2026-03-21,102,33,69,63,81,supp_002,2026-03-30,127.76
snap_000156,prod_5682,wh_004,2026-04-15,339,14,325,81,96,supp_004,2026-02-20,584.93
snap_000157,prod_9179,wh_005,2026-03-13,37,14,23,41,103,supp_003,2026-02-09,277.84
snap_000158,prod_8478,wh_005,2026-03-10,300,11,289,66,184,supp_003,2026-03-13,493.63
snap_000159,prod_3471,wh_003,2026-03-21,375,32,343,74,172,supp_005,2026-02-26,732.22
snap_000160,prod_7111,wh_005,2026-03-31,321,5,316,29,158,supp_001,2026-02-08,533.3
snap_000161,prod_1375,wh_002,2026-02-28,490,8,482,23,150,supp_004,2026-03-19,78.33
snap_000162,prod_7756,wh_004,2026-03-17,487,18,469,99,154,supp_001,2026-02-21,587.06
snap_000163,prod_4550,wh_001,2026-04-03,204,31,173,79,140,supp_005,2026-03-26,365.35
snap_000164,prod_2235,wh_005,2026-03-30,449,27,422,90,168,supp_002,2026-02-07,573.81
snap_000165,prod_8602,wh_003,2026-03-12,229,38,191,58,151,supp_003,2026-03-08,123.08
snap_000166,prod_7681,wh_001,2026-03-08,468,20,448,41,60,supp_003,2026-04-03,880.8
snap_000167,prod_8737,wh_003,2026-03-03,347,7,340,93,150,supp_001,2026-03-02,101.05
snap_000168,prod_1544,wh_002,2026-04-18,278,38,240,36,144,supp_002,2026-03-16,357.34
snap_000169,prod_3213,wh_003,2026-04-21,36,38,-2,67,138,supp_005,2026-03-08,811.92
snap_000170,prod_6654,wh_004,2026-04-12,41,14,27,28,93,supp_003,2026-02-28,619.98
snap_000171,prod_4164,wh_003,2026-03-14,148,38,110,22,88,supp_002,2026-03-09,150.74
snap_000172,prod_2266,wh_002,2026-03-08,419,7,412,33,94,supp_001,2026-02-13,750.65
snap_000173,prod_2350,wh_003,2026-04-04,223,6,217,51,179,supp_001,2026-03-19,654.71
snap_000174,prod_6909,wh_001,2026-04-07,456,25,431,48,107,supp_001,2026-02-28,398.54
snap_000175,prod_7604,wh_002,2026-03-10,263,8,255,35,185,supp_003,2026-02-01,857.14
snap_000176,prod_8182,wh_001,2026-04-15,395,27,368,88,181,supp_004,2026-03-08,571.05
snap_000177,prod_2592,wh_004,2026-03-06,143,30,113,32,101,supp_001,2026-02-21,442.9
snap_000178,prod_7625,wh_003,2026-03-14,69,8,61,33,134,supp_001,2026-02-01,930.35
snap_000179,prod_2141,wh_005,2026-03-20,486,21,465,22,163,supp_002,2026-02-16,82.56
snap_000180,prod_4295,wh_001,2026-02-27,289,29,260,96,155,supp_005,2026-03-07,838.6
snap_000181,prod_3854,wh_005,2026-04-18,320,8,312,34,86,supp_004,2026-03-14,676.35
snap_000182,prod_8571,wh_005,2026-04-03,104,18,86,32,156,supp_004,2026-01-30,150.99
snap_000183,prod_9120,wh_001,2026-04-09,415,18,397,94,54,supp_003,2026-03-15,231.26
snap_000184,prod_4430,wh_004,2026-04-04,170,20,150,33,158,supp_001,2026-02-23,120.9
snap_000185,prod_4727,wh_001,2026-03-04,274,38,236,56,172,supp_005,2026-02-11,229.82
snap_000186,prod_2808,wh_004,2026-03-21,62,18,44,33,155,supp_002,2026-02-18,364.57
snap_000187,prod_2588,wh_002,2026-02-28,433,34,399,34,140,supp_001,2026-03-29,404.33
snap_000188,prod_9282,wh_001,2026-03-17,40,10,30,49,186,supp_005,2026-02-13,988.24
snap_000189,prod_6861,wh_002,2026-03-21,212,27,185,46,63,supp_001,2026-02-06,591.01
snap_000190,prod_9114,wh_005,2026-03-10,437,21,416,67,51,supp_003,2026-03-24,832.11
snap_000191,prod_8945,wh_002,2026-04-20,86,13,73,69,185,supp_002,2026-02-21,88.15
snap_000192,prod_3998,wh_001,2026-04-18,376,22,354,81,66,supp_003,2026-02-09,942.59
snap_000193,prod_1748,wh_002,2026-04-01,141,37,104,77,135,supp_003,2026-03-27,721.37
snap_000194,prod_6136,wh_005,2026-04-10,110,14,96,43,160,supp_005,2026-03-31,488.46
snap_000195,prod_5819,wh_005,2026-03-22,303,27,276,26,200,supp_001,2026-01-25,280.98
snap_000196,prod_1217,wh_005,2026-02-26,94,11,83,86,51,supp_001,2026-04-04,950.21
snap_000197,prod_8821,wh_004,2026-03-30,471,29,442,50,76,supp_003,2026-03-25,553.21
snap_000198,prod_4109,wh_003,2026-04-23,31,36,-5,70,173,supp_003,2026-03-18,157.73
snap_000199,prod_3588,wh_004,2026-02-24,86,21,65,51,168,supp_002,2026-03-15,538.02
snap_000200,prod_6628,wh_002,2026-04-15,491,32,459,68,190,supp_003,2026-03-22,364.85
snap_000201,prod_4624,wh_001,2026-04-03,97,30,67,28,189,supp_002,2026-03-07,795.76
snap_000202,prod_2589,wh_003,2026-03-17,36,7,29,43,79,supp_001,2026-02-08,831.17
snap_000203,prod_8132,wh_001,2026-03-31,165,18,147,67,115,supp_001,2026-01-28,960.6
snap_000204,prod_1667,wh_002,2026-03-20,384,13,371,74,163,supp_001,2026-02-11,451.17
snap_000205,prod_7412,wh_003,2026-03-27,164,33,131,43,197,supp_003,2026-02-09,250.69
snap_000206,prod_7581,wh_002,2026-03-12,78,40,38,72,52,supp_005,2026-04-04,488.01
snap_000207,prod_3511,wh_002,2026-03-28,133,16,117,57,174,supp_004,2026-03-12,409.98
snap_000208,prod_4494,wh_003,2026-04-15,328,9,319,53,144,supp_004,2026-03-29,341.14
snap_000209,prod_4195,wh_005,2026-04-24,67,6,61,49,114,supp_005,2026-01-27,178.19
snap_000210,prod_7867,wh_005,2026-03-03,211,37,174,90,151,supp_002,2026-02-11,394.91
snap_000211,prod_6678,wh_004,2026-03-24,127,15,112,45,134,supp_001,2026-01-28,550.01
snap_000212,prod_5280,wh_005,2026-04-10,432,8,424,61,159,supp_002,2026-03-04,579.75
snap_000213,prod_3915,wh_001,2026-04-01,294,7,287,56,180,supp_005,2026-04-10,715.23
snap_000214,prod_4817,wh_004,2026-04-19,93,30,63,44,122,supp_002,2026-04-05,511.61
snap_000215,prod_7228,wh_004,2026-03-11,407,21,386,70,129,supp_001,2026-04-06,237.35
snap_000216,prod_2338,wh_004,2026-03-05,271,18,253,31,95,supp_002,2026-02-02,248.21
snap_000217,prod_2007,wh_001,2026-04-09,389,16,373,28,140,supp_005,2026-01-26,670.66
snap_000218,prod_9667,wh_001,2026-04-08,190,27,163,51,104,supp_002,2026-02-10,406.75
snap_000219,prod_9567,wh_002,2026-03-10,186,36,150,44,73,supp_002,2026-03-13,134.01
snap_000220,prod_7174,wh_003,2026-02-24,337,7,330,64,103,supp_002,2026-03-17,411.29
snap_000221,prod_5243,wh_002,2026-03-15,99,27,72,46,97,supp_001,2026-03-07,227.41
snap_000222,prod_3638,wh_005,2026-04-02,426,39,387,37,52,supp_004,2026-03-03,979.28
snap_000223,prod_7331,wh_001,2026-04-20,446,35,411,93,165,supp_003,2026-02-05,825.29
snap_000224,prod_3328,wh_002,2026-04-16,324,18,306,57,87,supp_002,2026-03-14,305.16
snap_000225,prod_7404,wh_004,2026-03-02,199,13,186,20,180,supp_003,2026-02-02,763.98
snap_000226,prod_7985,wh_004,2026-02-27,290,21,269,50,173,supp_001,2026-03-15,579.3
snap_000227,prod_8058,wh_003,2026-04-02,356,13,343,82,104,supp_005,2026-02-23,94.07
snap_000228,prod_2385,wh_001,2026-03-20,266,32,234,20,176,supp_001,2026-02-02,823.39
snap_000229,prod_9945,wh_004,2026-04-16,255,6,249,48,68,supp_005,2026-02-26,125.74
snap_000230,prod_5097,wh_004,2026-02-27,42,33,9,30,193,supp_002,2026-02-07,750.89
snap_000231,prod_3252,wh_001,2026-03-23,54,20,34,71,95,supp_001,2026-02-04,240.32
snap_000232,prod_5982,wh_002,2026-04-23,385,9,376,100,139,supp_005,2026-02-21,293.28
snap_000233,prod_6477,wh_005,2026-04-16,333,30,303,81,97,supp_003,2026-02-23,723.07
snap_000234,prod_4177,wh_004,2026-04-02,349,17,332,94,151,supp_004,2026-01-25,598.84
snap_000235,prod_6786,wh_003,2026-04-07,477,11,466,28,117,supp_001,2026-03-06,792.22
snap_000236,prod_8510,wh_004,2026-04-13,220,36,184,81,51,supp_001,2026-03-13,161.1
snap_000237,prod_8847,wh_001,2026-03-29,310,29,281,96,174,supp_001,2026-03-12,546.53
snap_000238,prod_4433,wh_002,2026-03-17,140,28,112,34,133,supp_002,2026-04-01,753.15
snap_000239,prod_6626,wh_002,2026-04-08,263,27,236,57,89,supp_002,2026-02-20,833.19
snap_000240,prod_2189,wh_001,2026-03-22,59,39,20,79,140,supp_002,2026-04-08,91.11
snap_000241,prod_9901,wh_002,2026-03-07,31,28,3,60,108,supp_001,2026-02-21,335.86
snap_000242,prod_7115,wh_002,2026-04-09,110,10,100,80,112,supp_005,2026-02-11,913.13
snap_000243,prod_2598,wh_001,2026-04-15,283,36,247,96,135,supp_003,2026-02-07,604.67
snap_000244,prod_1418,wh_001,2026-03-29,476,14,462,92,99,supp_002,2026-02-27,932.12
snap_000245,prod_7504,wh_002,2026-04-12,279,8,271,37,140,supp_005,2026-01-29,841.75
snap_000246,prod_8833,wh_001,2026-04-01,436,8,428,91,103,supp_003,2026-03-18,327.91
snap_000247,prod_9123,wh_004,2026-03-23,460,8,452,96,148,supp_003,2026-02-07,838.63
snap_000248,prod_8714,wh_004,2026-03-09,170,37,133,74,145,supp_001,2026-02-15,934.03
snap_000249,prod_9073,wh_005,2026-03-15,292,24,268,70,179,supp_005,2026-03-19,99.96
snap_000250,prod_5839,wh_002,2026-03-22,62,8,54,82,63,supp_002,2026-02-25,60.09
snap_000251,prod_9807,wh_002,2026-03-15,342,35,307,44,94,supp_001,2026-02-17,716.75
snap_000252,prod_3264,wh_003,2026-03-22,99,20,79,24,70,supp_005,2026-02-19,774.89
snap_000253,prod_8236,wh_005,2026-03-26,74,34,40,89,101,supp_005,2026-02-26,184.43
snap_000254,prod_6736,wh_005,2026-04-09,331,11,320,74,89,supp_004,2026-04-13,284.91
snap_000255,prod_4938,wh_002,2026-04-21,391,8,383,67,125,supp_003,2026-02-22,391.15
snap_000256,prod_2565,wh_002,2026-03-25,238,23,215,39,70,supp_005,2026-02-12,980.63
snap_000257,prod_1173,wh_005,2026-03-24,100,6,94,47,98,supp_001,2026-03-30,349.92
snap_000258,prod_4609,wh_002,2026-03-04,446,16,430,96,189,supp_001,2026-02-13,706.3
snap_000259,prod_3929,wh_005,2026-02-28,164,27,137,67,191,supp_005,2026-02-08,734.48
snap_000260,prod_9138,wh_004,2026-04-04,60,22,38,53,159,supp_003,2026-02-22,918.92
snap_000261,prod_6796,wh_002,2026-03-08,67,20,47,35,166,supp_004,2026-03-31,534.69
snap_000262,prod_9529,wh_003,2026-02-24,43,35,8,56,127,supp_003,2026-02-24,528.62
snap_000263,prod_2395,wh_002,2026-04-17,275,17,258,30,112,supp_002,2026-03-03,295.51
snap_000264,prod_9139,wh_005,2026-03-26,115,38,77,29,199,supp_003,2026-04-12,588.39
snap_000265,prod_7427,wh_001,2026-03-26,140,5,135,78,92,supp_001,2026-04-12,587.81
snap_000266,prod_1327,wh_005,2026-03-23,253,25,228,21,120,supp_005,2026-03-09,252.38
snap_000267,prod_3602,wh_004,2026-03-12,90,38,52,28,53,supp_002,2026-03-04,452.54
snap_000268,prod_5572,wh_004,2026-04-18,227,29,198,87,99,supp_001,2026-03-13,970.9
snap_000269,prod_7683,wh_001,2026-04-02,174,29,145,64,72,supp_003,2026-01-31,730.74
snap_000270,prod_9482,wh_004,2026-03-16,361,10,351,38,162,supp_001,2026-02-03,352.03
snap_000271,prod_4138,wh_001,2026-03-28,320,11,309,75,174,supp_005,2026-02-15,650.06
snap_000272,prod_5428,wh_001,2026-04-17,391,13,378,44,102,supp_002,2026-03-25,906.83
snap_000273,prod_6347,wh_002,2026-04-16,224,18,206,83,79,supp_002,2026-02-25,338.22
snap_000274,prod_7380,wh_001,2026-03-15,110,12,98,88,101,supp_005,2026-04-11,761.5
snap_000275,prod_7238,wh_002,2026-03-24,288,10,278,83,150,supp_005,2026-02-14,225.13
snap_000276,prod_6965,wh_005,2026-04-11,496,23,473,62,90,supp_004,2026-04-09,308.02
snap_000277,prod_6256,wh_002,2026-03-04,34,9,25,57,125,supp_004,2026-03-09,820.53
snap_000278,prod_2972,wh_002,2026-03-25,363,23,340,53,136,supp_005,2026-04-11,357.0
snap_000279,prod_5813,wh_002,2026-03-17,382,19,363,37,191,supp_004,2026-03-21,875.58
snap_000280,prod_8656,wh_001,2026-04-21,489,38,451,64,56,supp_003,2026-02-24,528.7
snap_000281,prod_2241,wh_004,2026-02-27,184,21,163,73,164,supp_001,2026-02-06,768.46
snap_000282,prod_7731,wh_004,2026-04-14,489,21,468,90,148,supp_002,2026-03-10,534.74
snap_000283,prod_7392,wh_002,2026-03-15,395,17,378,80,128,supp_004,2026-02-06,839.39
snap_000284,prod_1177,wh_001,2026-03-28,110,18,92,41,93,supp_005,2026-03-22,860.79
snap_000285,prod_2402,wh_003,2026-03-11,88,24,64,38,124,supp_002,2026-03-03,815.81
snap_000286,prod_6741,wh_005,2026-03-02,404,32,372,74,85,supp_005,2026-01-26,806.19
snap_000287,prod_5727,wh_004,2026-04-01,392,27,365,68,62,supp_004,2026-04-04,106.11
snap_000288,prod_2986,wh_002,2026-04-16,449,10,439,37,52,supp_002,2026-02-27,234.9
snap_000289,prod_5467,wh_002,2026-03-25,113,10,103,83,169,supp_005,2026-01-29,110.55
snap_000290,prod_5054,wh_003,2026-03-29,465,29,436,84,106,supp_003,2026-02-17,775.03
snap_000291,prod_4809,wh_001,2026-03-19,352,9,343,98,130,supp_002,2026-03-03,483.9
snap_000292,prod_1879,wh_004,2026-03-29,148,12,136,98,190,supp_002,2026-03-09,298.41
snap_000293,prod_2744,wh_005,2026-04-11,456,38,418,31,180,supp_001,2026-02-23,189.66
snap_000294,prod_9675,wh_003,2026-03-14,343,28,315,49,160,supp_002,2026-01-26,191.3
snap_000295,prod_9276,wh_004,2026-04-21,356,40,316,78,113,supp_005,2026-03-11,609.55
snap_000296,prod_3491,wh_003,2026-04-24,444,19,425,50,76,supp_001,2026-02-02,531.79
snap_000297,prod_2267,wh_001,2026-02-28,400,34,366,41,59,supp_001,2026-03-24,975.1
snap_000298,prod_9781,wh_001,2026-03-30,199,37,162,61,188,supp_001,2026-04-01,770.56
snap_000299,prod_1087,wh_003,2026-03-10,163,30,133,45,152,supp_005,2026-03-24,289.97
snap_000300,prod_4509,wh_001,2026-03-13,447,17,430,43,177,supp_001,2026-02-01,465.59
snap_000301,prod_3309,wh_004,2026-03-01,189,33,156,44,179,supp_001,2026-02-20,178.26
snap_000302,prod_6407,wh_002,2026-03-05,207,30,177,85,169,supp_002,2026-03-08,355.76
snap_000303,prod_4967,wh_005,2026-03-26,373,19,354,74,193,supp_005,2026-02-05,130.86
snap_000304,prod_4755,wh_005,2026-04-14,30,10,20,100,92,supp_005,2026-02-08,94.18
snap_000305,prod_7675,wh_003,2026-03-24,378,39,339,26,127,supp_005,2026-03-11,582.22
snap_000306,prod_5114,wh_001,2026-04-14,357,13,344,99,147,supp_002,2026-03-27,608.36
snap_000307,prod_9305,wh_005,2026-04-07,275,29,246,95,199,supp_004,2026-03-19,662.49
snap_000308,prod_4349,wh_004,2026-04-10,465,23,442,65,136,supp_004,2026-01-27,180.01
snap_000309,prod_8154,wh_001,2026-03-29,199,26,173,94,163,supp_003,2026-04-11,794.57
snap_000310,prod_2914,wh_005,2026-03-20,204,20,184,58,127,supp_004,2026-02-12,583.16
snap_000311,prod_7688,wh_001,2026-03-07,480,8,472,100,150,supp_005,2026-04-12,295.97
snap_000312,prod_7037,wh_001,2026-04-22,185,19,166,74,57,supp_005,2026-03-03,615.57
snap_000313,prod_2312,wh_005,2026-03-16,91,6,85,42,137,supp_003,2026-04-06,348.58
snap_000314,prod_1297,wh_002,2026-03-04,188,26,162,35,109,supp_001,2026-02-14,977.88
snap_000315,prod_5689,wh_001,2026-04-24,478,6,472,46,137,supp_002,2026-02-25,334.47
snap_000316,prod_9608,wh_001,2026-04-13,96,28,68,87,95,supp_004,2026-02-13,413.19
snap_000317,prod_1573,wh_001,2026-03-27,145,35,110,49,55,supp_003,2026-03-11,446.9
snap_000318,prod_5655,wh_005,2026-04-18,256,10,246,40,148,supp_003,2026-02-06,886.24
snap_000319,prod_6123,wh_005,2026-03-21,301,32,269,60,82,supp_002,2026-04-10,314.29
snap_000320,prod_5832,wh_005,2026-04-04,346,30,316,35,50,supp_005,2026-03-19,914.24
snap_000321,prod_3464,wh_004,2026-03-26,129,16,113,32,95,supp_004,2026-04-12,829.3
snap_000322,prod_5761,wh_005,2026-03-27,96,6,90,44,71,supp_002,2026-01-25,772.62
snap_000323,prod_9359,wh_005,2026-04-04,367,20,347,56,183,supp_005,2026-04-13,948.32
snap_000324,prod_3416,wh_005,2026-04-15,133,20,113,69,108,supp_002,2026-02-27,728.12
snap_000325,prod_7811,wh_001,2026-02-28,331,39,292,34,132,supp_004,2026-04-08,892.74
snap_000326,prod_1339,wh_001,2026-04-24,386,7,379,62,175,supp_002,2026-03-31,156.23
snap_000327,prod_2167,wh_004,2026-03-02,256,5,251,63,179,supp_004,2026-02-07,829.98
snap_000328,prod_4820,wh_002,2026-04-17,392,23,369,59,156,supp_002,2026-01-28,615.5
snap_000329,prod_3640,wh_001,2026-04-10,210,9,201,55,55,supp_002,2026-04-10,402.78
snap_000330,prod_6867,wh_004,2026-04-11,354,31,323,93,87,supp_003,2026-02-12,249.49
snap_000331,prod_8245,wh_005,2026-03-06,286,15,271,97,101,supp_005,2026-02-26,163.27
snap_000332,prod_1454,wh_001,2026-04-13,410,39,371,38,176,supp_003,2026-03-01,751.3
snap_000333,prod_2195,wh_004,2026-03-08,445,9,436,24,185,supp_005,2026-03-30,538.91
snap_000334,prod_5163,wh_002,2026-02-27,127,24,103,84,200,supp_001,2026-03-26,543.15
snap_000335,prod_1376,wh_001,2026-04-06,61,10,51,34,156,supp_003,2026-02-25,586.5
snap_000336,prod_1964,wh_004,2026-04-19,172,20,152,20,154,supp_004,2026-03-26,552.15
snap_000337,prod_5220,wh_002,2026-03-07,329,6,323,97,120,supp_002,2026-03-19,404.71
snap_000338,prod_1327,wh_002,2026-03-11,316,12,304,35,139,supp_004,2026-03-23,240.08
snap_000339,prod_8044,wh_004,2026-03-29,414,33,381,97,117,supp_003,2026-03-19,714.45
snap_000340,prod_2464,wh_003,2026-04-08,122,29,93,24,200,supp_001,2026-04-09,833.34
snap_000341,prod_9194,wh_001,2026-04-16,236,11,225,37,106,supp_005,2026-03-07,872.81
snap_000342,prod_1955,wh_005,2026-04-22,486,15,471,22,183,supp_002,2026-04-11,344.79
snap_000343,prod_1747,wh_005,2026-03-10,70,10,60,80,62,supp_003,2026-03-04,895.73
snap_000344,prod_4050,wh_002,2026-04-13,416,35,381,47,122,supp_002,2026-02-14,485.22
snap_000345,prod_8582,wh_004,2026-03-20,152,7,145,46,53,supp_002,2026-02-04,258.58
snap_000346,prod_7218,wh_001,2026-03-17,421,12,409,35,117,supp_002,2026-02-21,291.3
snap_000347,prod_8840,wh_002,2026-03-04,59,11,48,29,50,supp_001,2026-02-09,637.82
snap_000348,prod_4205,wh_001,2026-04-20,483,28,455,34,181,supp_004,2026-02-04,566.48
snap_000349,prod_2703,wh_004,2026-03-16,240,18,222,67,56,supp_004,2026-03-15,586.12
snap_000350,prod_5309,wh_004,2026-03-09,342,31,311,77,200,supp_004,2026-03-18,827.01
snap_000351,prod_1191,wh_004,2026-02-26,168,33,135,50,118,supp_003,2026-03-18,709.11
snap_000352,prod_3385,wh_001,2026-04-21,310,9,301,100,121,supp_004,2026-03-04,578.62
snap_000353,prod_4938,wh_003,2026-04-20,167,9,158,93,152,supp_001,2026-04-05,511.98
snap_000354,prod_4081,wh_005,2026-03-13,489,16,473,99,87,supp_005,2026-02-08,813.46
snap_000355,prod_1396,wh_005,2026-04-02,388,38,350,64,137,supp_002,2026-03-14,974.75
snap_000356,prod_3491,wh_003,2026-03-07,451,10,441,62,107,supp_004,2026-04-01,600.65
snap_000357,prod_6667,wh_003,2026-04-12,340,40,300,72,124,supp_003,2026-02-07,264.82
snap_000358,prod_2889,wh_003,2026-04-08,434,27,407,66,118,supp_001,2026-03-24,836.85
snap_000359,prod_4936,wh_001,2026-03-17,267,8,259,92,93,supp_004,2026-03-03,135.33
snap_000360,prod_4105,wh_002,2026-03-16,72,31,41,81,108,supp_003,2026-01-30,110.45
snap_000361,prod_7305,wh_003,2026-03-17,70,6,64,57,90,supp_002,2026-03-05,242.36
snap_000362,prod_3159,wh_002,2026-04-17,358,33,325,41,173,supp_004,2026-03-14,791.62
snap_000363,prod_4836,wh_001,2026-03-21,495,15,480,63,75,supp_005,2026-02-02,94.08
snap_000364,prod_9388,wh_005,2026-04-21,301,11,290,72,105,supp_004,2026-03-27,751.44
snap_000365,prod_1565,wh_005,2026-04-24,317,20,297,74,99,supp_005,2026-02-23,272.15
snap_000366,prod_1920,wh_005,2026-03-04,319,18,301,24,161,supp_003,2026-02-25,798.48
snap_000367,prod_8523,wh_004,2026-03-27,440,17,423,78,145,supp_004,2026-04-12,646.27
snap_000368,prod_2400,wh_004,2026-02-27,378,36,342,63,144,supp_003,2026-01-30,957.54
snap_000369,prod_3265,wh_005,2026-03-25,454,16,438,97,155,supp_004,2026-03-13,772.01
snap_000370,prod_4816,wh_004,2026-03-06,169,23,146,42,116,supp_002,2026-01-31,437.97
snap_000371,prod_2909,wh_002,2026-04-08,405,30,375,34,115,supp_001,2026-01-28,131.03
snap_000372,prod_5061,wh_004,2026-04-15,401,36,365,99,85,supp_005,2026-03-06,858.47
snap_000373,prod_5305,wh_003,2026-02-24,320,27,293,92,73,supp_003,2026-02-06,708.36
snap_000374,prod_9904,wh_005,2026-04-22,431,22,409,56,191,supp_003,2026-04-11,363.95
snap_000375,prod_5802,wh_003,2026-04-02,86,9,77,84,178,supp_005,2026-02-10,643.08
snap_000376,prod_4491,wh_003,2026-03-02,303,36,267,57,140,supp_005,2026-03-22,611.46
snap_000377,prod_7381,wh_004,2026-04-19,183,28,155,64,52,supp_001,2026-01-31,703.86
snap_000378,prod_4816,wh_004,2026-03-06,101,7,94,23,89,supp_003,2026-02-26,460.3
snap_000379,prod_8445,wh_001,2026-03-08,339,13,326,88,147,supp_003,2026-02-13,289.57
snap_000380,prod_2001,wh_005,2026-04-10,195,9,186,41,81,supp_001,2026-02-18,203.28
snap_000381,prod_4364,wh_005,2026-03-06,405,33,372,98,165,supp_004,2026-02-11,265.05
snap_000382,prod_5995,wh_003,2026-03-20,53,34,19,58,152,supp_004,2026-02-22,335.34
snap_000383,prod_1160,wh_002,2026-03-23,72,40,32,84,197,supp_003,2026-02-03,989.73
snap_000384,prod_5476,wh_001,2026-03-13,385,24,361,67,105,supp_001,2026-02-26,918.48
snap_000385,prod_4764,wh_004,2026-03-29,418,32,386,56,163,supp_002,2026-04-01,779.65
snap_000386,prod_3872,wh_003,2026-03-02,299,36,263,77,199,supp_003,2026-03-14,297.74
snap_000387,prod_8608,wh_002,2026-04-13,184,12,172,49,58,supp_003,2026-01-25,646.6
snap_000388,prod_9003,wh_005,2026-03-27,417,24,393,52,157,supp_004,2026-02-27,574.83
snap_000389,prod_9928,wh_004,2026-04-06,480,32,448,88,74,supp_003,2026-02-07,245.02
snap_000390,prod_6779,wh_002,2026-03-07,193,29,164,93,66,supp_003,2026-02-02,662.14
snap_000391,prod_7941,wh_004,2026-04-14,149,16,133,89,187,supp_001,2026-04-13,154.22
snap_000392,prod_1258,wh_001,2026-04-06,362,22,340,92,127,supp_005,2026-02-07,461.69
snap_000393,prod_2448,wh_003,2026-04-16,222,7,215,40,69,supp_003,2026-03-09,254.88
snap_000394,prod_7996,wh_003,2026-03-05,223,7,216,46,177,supp_005,2026-03-21,304.98
snap_000395,prod_5701,wh_005,2026-03-30,445,19,426,83,186,supp_002,2026-02-01,850.9
snap_000396,prod_9832,wh_003,2026-03-26,80,11,69,60,183,supp_001,2026-02-06,667.35
snap_000397,prod_6714,wh_002,2026-04-11,269,30,239,33,57,supp_005,2026-03-07,234.53
snap_000398,prod_3484,wh_005,2026-03-10,500,9,491,59,74,supp_003,2026-03-12,322.11
snap_000399,prod_2945,wh_005,2026-03-17,189,8,181,50,98,supp_005,2026-03-01,526.64
snap_000400,prod_7404,wh_001,2026-03-04,174,35,139,42,112,supp_003,2026-02-26,115.54
snap_000401,prod_9417,wh_004,2026-03-15,177,17,160,56,152,supp_004,2026-01-31,327.17
snap_000402,prod_7710,wh_005,2026-04-08,168,18,150,69,136,supp_004,2026-04-03,833.22
snap_000403,prod_9632,wh_002,2026-03-15,373,16,357,60,181,supp_005,2026-02-19,941.23
snap_000404,prod_6429,wh_005,2026-02-25,106,35,71,98,67,supp_001,2026-02-26,484.91
snap_000405,prod_7325,wh_004,2026-03-19,450,22,428,47,193,supp_004,2026-03-10,830.27
snap_000406,prod_2195,wh_005,2026-04-24,470,28,442,83,94,supp_003,2026-02-22,297.54
snap_000407,prod_6876,wh_002,2026-03-02,101,5,96,35,143,supp_003,2026-02-21,719.69
snap_000408,prod_7028,wh_004,2026-04-11,97,33,64,50,95,supp_005,2026-03-31,228.06
snap_000409,prod_9408,wh_003,2026-03-29,323,24,299,28,64,supp_002,2026-02-02,943.05
snap_000410,prod_7807,wh_003,2026-04-04,321,13,308,68,170,supp_003,2026-04-05,525.09
snap_000411,prod_3903,wh_001,2026-03-09,294,13,281,61,113,supp_005,2026-04-03,63.16
snap_000412,prod_6434,wh_001,2026-04-23,117,29,88,73,79,supp_002,2026-02-26,64.84
snap_000413,prod_5664,wh_005,2026-03-09,450,40,410,51,188,supp_004,2026-03-15,532.29
snap_000414,prod_5224,wh_005,2026-04-07,165,27,138,43,154,supp_005,2026-02-09,901.23
snap_000415,prod_7946,wh_004,2026-04-23,33,34,-1,72,170,supp_001,2026-03-07,947.91
snap_000416,prod_4221,wh_001,2026-03-24,429,11,418,89,129,supp_001,2026-03-09,183.28
snap_000417,prod_5312,wh_001,2026-03-18,43,28,15,92,158,supp_005,2026-03-03,617.77
snap_000418,prod_2765,wh_003,2026-04-21,34,11,23,35,121,supp_005,2026-01-28,987.53
snap_000419,prod_1191,wh_003,2026-03-10,119,18,101,43,58,supp_005,2026-03-24,851.12
snap_000420,prod_9018,wh_001,2026-04-22,444,31,413,30,183,supp_003,2026-02-20,519.62
snap_000421,prod_9539,wh_005,2026-02-27,221,26,195,79,160,supp_005,2026-02-05,497.13
snap_000422,prod_3021,wh_004,2026-02-28,225,14,211,52,182,supp_005,2026-02-09,628.08
snap_000423,prod_7510,wh_003,2026-03-04,404,9,395,70,200,supp_005,2026-03-06,447.61
snap_000424,prod_2348,wh_005,2026-03-06,248,30,218,26,190,supp_004,2026-01-30,802.11
snap_000425,prod_2622,wh_002,2026-04-16,196,14,182,32,73,supp_003,2026-04-02,688.25
snap_000426,prod_7400,wh_004,2026-03-21,123,26,97,53,151,supp_005,2026-02-01,51.18
snap_000427,prod_6622,wh_004,2026-02-27,418,35,383,29,163,supp_002,2026-03-19,355.75
snap_000428,prod_9000,wh_001,2026-03-04,494,24,470,100,155,supp_001,2026-02-24,913.72
snap_000429,prod_4266,wh_001,2026-04-12,433,10,423,49,186,supp_001,2026-02-11,770.96
snap_000430,prod_9188,wh_005,2026-03-02,203,37,166,35,189,supp_002,2026-03-26,279.81
snap_000431,prod_6283,wh_005,2026-04-03,86,33,53,64,157,supp_005,2026-01-27,432.12
snap_000432,prod_9005,wh_002,2026-04-24,491,7,484,39,88,supp_002,2026-02-22,132.59
snap_000433,prod_6141,wh_002,2026-02-24,403,33,370,68,177,supp_005,2026-03-20,793.75
snap_000434,prod_1878,wh_004,2026-03-18,254,26,228,93,183,supp_004,2026-01-26,487.45
snap_000435,prod_2117,wh_001,2026-04-24,282,9,273,34,91,supp_003,2026-01-30,441.49
snap_000436,prod_1692,wh_002,2026-02-27,307,34,273,89,107,supp_004,2026-02-23,758.05
snap_000437,prod_7504,wh_001,2026-04-23,310,24,286,61,172,supp_004,2026-04-09,819.89
snap_000438,prod_9390,wh_003,2026-03-03,125,7,118,95,118,supp_001,2026-02-09,926.45
snap_000439,prod_8039,wh_001,2026-04-18,76,10,66,29,104,supp_002,2026-04-04,739.31
snap_000440,prod_5413,wh_002,2026-04-23,456,26,430,54,51,supp_004,2026-04-07,367.12
snap_000441,prod_1225,wh_003,2026-04-15,238,11,227,76,74,supp_005,2026-04-07,715.75
snap_000442,prod_3679,wh_002,2026-04-18,148,23,125,48,148,supp_003,2026-02-19,409.16
snap_000443,prod_7206,wh_005,2026-04-14,335,36,299,67,189,supp_002,2026-02-13,380.31
snap_000444,prod_5010,wh_005,2026-03-23,489,7,482,85,160,supp_004,2026-03-02,330.55
snap_000445,prod_4249,wh_001,2026-03-26,200,16,184,58,166,supp_002,2026-04-14,741.46
snap_000446,prod_2632,wh_003,2026-04-13,62,7,55,66,109,supp_005,2026-02-10,893.03
snap_000447,prod_5010,wh_005,2026-04-19,143,24,119,76,137,supp_004,2026-03-13,480.32
snap_000448,prod_5434,wh_004,2026-02-24,420,10,410,71,164,supp_002,2026-01-31,838.89
snap_000449,prod_7651,wh_004,2026-04-02,337,11,326,77,178,supp_004,2026-02-22,159.51
snap_000450,prod_4114,wh_005,2026-03-18,254,26,228,95,58,supp_005,2026-04-02,259.54
snap_000451,prod_2720,wh_004,2026-04-06,117,39,78,58,62,supp_004,2026-04-06,780.08
snap_000452,prod_4305,wh_002,2026-04-15,390,26,364,94,93,supp_001,2026-02-01,505.79
snap_000453,prod_6089,wh_005,2026-03-19,470,20,450,61,71,supp_005,2026-02-11,918.74
snap_000454,prod_6596,wh_003,2026-04-12,183,22,161,45,106,supp_005,2026-03-22,86.86
snap_000455,prod_4933,wh_001,2026-04-11,153,36,117,24,86,supp_003,2026-03-15,893.18
snap_000456,prod_3098,wh_003,2026-02-24,397,6,391,87,59,supp_002,2026-02-01,186.69
snap_000457,prod_3105,wh_004,2026-03-13,173,23,150,72,157,supp_003,2026-01-27,667.37
snap_000458,prod_8399,wh_003,2026-03-07,97,34,63,78,83,supp_005,2026-04-07,817.1
snap_000459,prod_7379,wh_003,2026-04-04,409,9,400,24,190,supp_004,2026-02-07,703.89
snap_000460,prod_6900,wh_001,2026-03-31,348,35,313,84,140,supp_001,2026-03-27,90.52
snap_000461,prod_1713,wh_003,2026-02-24,128,22,106,67,120,supp_005,2026-03-03,418.57
snap_000462,prod_9470,wh_001,2026-03-19,418,40,378,76,161,supp_002,2026-04-01,362.48
snap_000463,prod_6327,wh_001,2026-03-15,63,16,47,98,142,supp_004,2026-03-29,177.48
snap_000464,prod_1164,wh_004,2026-03-07,482,34,448,22,122,supp_002,2026-03-26,757.16
snap_000465,prod_3266,wh_004,2026-02-24,55,5,50,66,171,supp_003,2026-04-13,983.84
snap_000466,prod_7267,wh_003,2026-03-04,401,31,370,51,89,supp_002,2026-04-06,546.49
snap_000467,prod_5362,wh_001,2026-02-24,185,40,145,36,162,supp_001,2026-02-11,518.22
snap_000468,prod_1127,wh_002,2026-03-08,34,11,23,86,66,supp_002,2026-02-26,257.59
snap_000469,prod_9303,wh_002,2026-04-07,274,19,255,65,77,supp_004,2026-04-01,83.02
snap_000470,prod_9897,wh_001,2026-03-26,340,34,306,96,97,supp_005,2026-03-12,878.52
snap_000471,prod_6532,wh_001,2026-03-17,359,11,348,75,141,supp_005,2026-03-14,982.2
snap_000472,prod_1487,wh_001,2026-04-06,116,11,105,42,158,supp_002,2026-03-03,299.87
snap_000473,prod_6184,wh_005,2026-04-16,298,27,271,53,100,supp_005,2026-03-29,797.2
snap_000474,prod_8316,wh_005,2026-04-06,385,18,367,60,120,supp_004,2026-03-20,182.29
snap_000475,prod_7064,wh_005,2026-02-28,252,29,223,87,50,supp_002,2026-02-14,415.03
snap_000476,prod_9650,wh_004,2026-03-28,230,40,190,62,131,supp_002,2026-04-10,495.68
snap_000477,prod_9651,wh_005,2026-03-20,379,30,349,25,189,supp_004,2026-01-29,818.85
snap_000478,prod_9522,wh_005,2026-04-01,277,36,241,48,136,supp_002,2026-02-25,621.51
snap_000479,prod_5282,wh_005,2026-04-12,211,6,205,40,138,supp_005,2026-01-26,328.99
snap_000480,prod_1513,wh_005,2026-03-14,394,6,388,50,73,supp_001,2026-03-22,505.41
snap_000481,prod_5438,wh_005,2026-02-24,127,30,97,24,55,supp_003,2026-04-11,96.81
snap_000482,prod_1242,wh_001,2026-03-01,343,22,321,87,85,supp_002,2026-04-13,379.36
snap_000483,prod_1123,wh_005,2026-03-06,122,27,95,50,186,supp_005,2026-04-03,688.95
snap_000484,prod_2264,wh_005,2026-03-25,430,30,400,72,139,supp_004,2026-02-22,323.43
snap_000485,prod_7965,wh_004,2026-03-16,340,10,330,20,179,supp_004,2026-02-17,162.67
snap_000486,prod_2521,wh_002,2026-04-17,97,11,86,98,163,supp_003,2026-03-17,82.91
snap_000487,prod_2466,wh_002,2026-03-31,38,33,5,100,73,supp_004,2026-03-26,130.57
snap_000488,prod_8502,wh_001,2026-03-07,114,40,74,57,126,supp_005,2026-03-21,152.01
snap_000489,prod_1606,wh_002,2026-04-08,384,35,349,97,67,supp_001,2026-04-08,278.85
snap_000490,prod_7145,wh_002,2026-03-18,208,6,202,97,111,supp_001,2026-01-27,371.56
snap_000491,prod_6296,wh_003,2026-04-09,286,20,266,96,96,supp_004,2026-02-08,729.73
snap_000492,prod_8925,wh_005,2026-04-19,185,38,147,75,149,supp_004,2026-04-01,227.72
snap_000493,prod_5559,wh_003,2026-02-24,282,24,258,66,62,supp_004,2026-02-13,460.38
snap_000494,prod_9463,wh_004,2026-03-29,379,26,353,69,92,supp_001,2026-02-16,184.18
snap_000495,prod_6530,wh_001,2026-02-27,487,32,455,66,122,supp_005,2026-02-10,696.77
snap_000496,prod_2943,wh_002,2026-04-02,452,20,432,47,61,supp_004,2026-02-13,833.75
snap_000497,prod_1364,wh_003,2026-03-10,270,7,263,68,185,supp_005,2026-03-30,441.45
snap_000498,prod_5230,wh_001,2026-02-25,450,14,436,66,83,supp_005,2026-02-05,858.42
snap_000499,prod_4415,wh_001,2026-04-24,291,35,256,68,112,supp_005,2026-01-27,131.02
snap_000500,prod_1488,wh_001,2026-04-04,413,22,391,36,140,supp_002,2026-02-03,177.37
snap_000501,prod_6310,wh_002,2026-04-20,402,20,382,59,134,supp_003,2026-02-18,940.91
snap_000502,prod_6673,wh_005,2026-03-14,426,18,408,55,134,supp_001,2026-04-11,470.66
snap_000503,prod_9477,wh_003,2026-03-26,218,32,186,40,101,supp_001,2026-04-05,471.97
snap_000504,prod_7958,wh_004,2026-03-16,54,32,22,29,83,supp_002,2026-04-08,98.83
snap_000505,prod_6975,wh_002,2026-03-16,134,15,119,69,107,supp_002,2026-04-09,653.9
snap_000506,prod_6316,wh_003,2026-04-07,58,28,30,50,188,supp_003,2026-04-12,656.14
snap_000507,prod_3902,wh_003,2026-04-16,80,21,59,58,97,supp_002,2026-01-27,864.52
snap_000508,prod_5069,wh_005,2026-02-28,101,12,89,25,93,supp_003,2026-04-11,497.53
snap_000509,prod_7385,wh_001,2026-04-07,285,9,276,77,55,supp_004,2026-01-25,582.24
snap_000510,prod_9802,wh_005,2026-04-10,211,31,180,22,157,supp_001,2026-03-13,380.59
snap_000511,prod_4666,wh_005,2026-04-24,198,8,190,24,128,supp_001,2026-03-21,578.78
snap_000512,prod_2814,wh_001,2026-03-12,460,35,425,49,143,supp_001,2026-02-02,487.1
snap_000513,prod_1693,wh_004,2026-04-18,497,11,486,84,85,supp_001,2026-03-26,358.59
snap_000514,prod_5755,wh_001,2026-03-26,75,30,45,35,89,supp_001,2026-04-10,655.56
snap_000515,prod_9399,wh_002,2026-04-11,251,34,217,88,115,supp_004,2026-02-10,279.7
snap_000516,prod_4612,wh_002,2026-03-14,414,33,381,85,192,supp_005,2026-03-22,442.98
snap_000517,prod_7365,wh_002,2026-03-09,76,26,50,93,93,supp_005,2026-01-30,183.94
snap_000518,prod_9377,wh_005,2026-04-10,152,22,130,30,183,supp_005,2026-03-16,392.86
snap_000519,prod_9275,wh_003,2026-04-03,173,8,165,68,106,supp_005,2026-02-07,526.94
snap_000520,prod_1916,wh_003,2026-03-07,135,27,108,71,120,supp_003,2026-03-13,698.16
snap_000521,prod_4909,wh_003,2026-02-28,64,30,34,37,116,supp_003,2026-01-29,270.81
snap_000522,prod_9626,wh_001,2026-03-22,162,37,125,77,176,supp_004,2026-02-17,713.69
snap_000523,prod_1173,wh_005,2026-03-26,154,20,134,94,78,supp_002,2026-04-12,818.21
snap_000524,prod_5888,wh_001,2026-03-27,428,7,421,29,84,supp_001,2026-02-03,718.9
snap_000525,prod_3982,wh_004,2026-02-24,337,11,326,85,115,supp_004,2026-03-09,191.29
snap_000526,prod_2880,wh_002,2026-03-23,50,32,18,47,128,supp_001,2026-03-28,215.68
snap_000527,prod_6900,wh_001,2026-03-18,333,28,305,26,177,supp_004,2026-02-26,396.27
snap_000528,prod_5221,wh_003,2026-04-13,388,19,369,79,110,supp_005,2026-04-14,390.72
snap_000529,prod_3026,wh_002,2026-03-06,328,6,322,67,153,supp_004,2026-02-15,116.12
snap_000530,prod_6759,wh_002,2026-04-12,81,19,62,62,72,supp_005,2026-01-27,242.26
snap_000531,prod_2063,wh_005,2026-03-21,71,14,57,30,83,supp_004,2026-02-13,762.28
snap_000532,prod_4194,wh_003,2026-04-01,437,34,403,78,161,supp_001,2026-01-31,965.48
snap_000533,prod_6611,wh_002,2026-04-18,68,14,54,30,82,supp_001,2026-03-31,831.41
snap_000534,prod_1442,wh_001,2026-03-20,48,12,36,48,121,supp_004,2026-02-24,181.53
snap_000535,prod_4514,wh_004,2026-03-30,85,40,45,61,50,supp_005,2026-03-21,526.0
snap_000536,prod_7953,wh_004,2026-04-06,229,27,202,64,95,supp_003,2026-02-26,141.42
snap_000537,prod_7088,wh_002,2026-03-08,127,7,120,45,136,supp_004,2026-03-01,863.28
snap_000538,prod_8735,wh_001,2026-02-27,420,6,414,29,105,supp_002,2026-02-03,833.16
snap_000539,prod_4841,wh_002,2026-04-18,246,18,228,56,106,supp_001,2026-03-20,213.94
snap_000540,prod_6747,wh_003,2026-03-18,320,28,292,93,196,supp_004,2026-01-26,777.95
snap_000541,prod_3276,wh_001,2026-04-10,94,26,68,69,87,supp_002,2026-03-21,546.27
snap_000542,prod_6127,wh_003,2026-03-18,200,13,187,85,165,supp_005,2026-02-22,722.26
snap_000543,prod_1471,wh_001,2026-03-31,199,8,191,64,91,supp_004,2026-01-26,173.08
snap_000544,prod_3838,wh_005,2026-04-19,133,26,107,87,184,supp_003,2026-03-26,165.17
snap_000545,prod_2659,wh_002,2026-03-09,271,23,248,76,75,supp_005,2026-04-09,211.24
snap_000546,prod_7563,wh_001,2026-03-09,433,7,426,82,93,supp_002,2026-03-24,255.28
snap_000547,prod_7016,wh_002,2026-03-09,174,28,146,33,71,supp_002,2026-03-13,479.2
snap_000548,prod_6606,wh_004,2026-03-20,356,13,343,98,123,supp_001,2026-03-18,549.89
snap_000549,prod_3748,wh_005,2026-03-28,364,11,353,78,71,supp_005,2026-03-19,995.9
snap_000550,prod_5714,wh_002,2026-03-15,56,26,30,99,186,supp_004,2026-02-05,744.12
snap_000551,prod_9337,wh_002,2026-04-09,239,21,218,70,99,supp_005,2026-03-17,776.85
snap_000552,prod_4892,wh_003,2026-04-11,288,22,266,96,143,supp_001,2026-03-10,766.86
snap_000553,prod_8136,wh_001,2026-04-15,201,36,165,38,186,supp_002,2026-02-04,918.53
snap_000554,prod_9758,wh_005,2026-04-05,66,33,33,52,99,supp_001,2026-04-14,657.43
snap_000555,prod_5634,wh_004,2026-03-03,252,40,212,53,65,supp_001,2026-03-25,151.78
snap_000556,prod_5176,wh_003,2026-03-27,236,16,220,59,114,supp_001,2026-02-24,243.33
snap_000557,prod_6352,wh_005,2026-03-17,494,14,480,46,106,supp_003,2026-03-05,601.02
snap_000558,prod_2713,wh_001,2026-03-11,462,7,455,85,198,supp_003,2026-03-12,783.41
snap_000559,prod_1117,wh_005,2026-03-31,151,16,135,62,127,supp_005,2026-03-25,493.43
snap_000560,prod_4015,wh_001,2026-03-24,260,25,235,80,76,supp_002,2026-01-30,511.47
snap_000561,prod_8871,wh_004,2026-03-03,362,23,339,98,80,supp_004,2026-02-16,373.63
snap_000562,prod_2434,wh_001,2026-04-19,175,14,161,27,109,supp_003,2026-03-23,136.58
snap_000563,prod_7128,wh_005,2026-03-27,68,28,40,50,87,supp_002,2026-04-05,614.36
snap_000564,prod_4074,wh_005,2026-04-15,311,40,271,73,104,supp_001,2026-04-12,164.32
snap_000565,prod_4245,wh_004,2026-03-11,479,28,451,20,60,supp_001,2026-04-06,808.04
snap_000566,prod_2759,wh_005,2026-03-23,419,6,413,40,115,supp_005,2026-03-21,692.52
snap_000567,prod_5025,wh_004,2026-04-19,184,12,172,29,153,supp_001,2026-04-06,994.11
snap_000568,prod_8662,wh_004,2026-03-06,364,29,335,43,181,supp_003,2026-03-11,136.61
snap_000569,prod_8076,wh_002,2026-04-18,450,13,437,28,56,supp_004,2026-02-11,522.14
snap_000570,prod_7695,wh_002,2026-03-03,310,37,273,80,109,supp_005,2026-03-06,306.33
snap_000571,prod_2959,wh_002,2026-04-04,481,25,456,62,70,supp_001,2026-01-27,377.38
snap_000572,prod_2840,wh_001,2026-03-10,264,38,226,92,117,supp_001,2026-03-26,357.86
snap_000573,prod_5569,wh_001,2026-03-26,143,8,135,24,91,supp_001,2026-02-08,327.99
snap_000574,prod_9912,wh_001,2026-03-01,328,37,291,60,59,supp_003,2026-03-29,131.18
snap_000575,prod_4548,wh_003,2026-04-09,353,31,322,26,161,supp_001,2026-02-24,495.98
snap_000576,prod_4605,wh_002,2026-03-27,412,11,401,42,111,supp_003,2026-03-12,414.36
snap_000577,prod_9864,wh_002,2026-04-03,366,27,339,51,77,supp_001,2026-03-06,731.91
snap_000578,prod_4083,wh_001,2026-04-15,59,12,47,23,157,supp_004,2026-03-22,491.6
snap_000579,prod_6247,wh_001,2026-03-29,291,9,282,21,69,supp_003,2026-03-25,451.26
snap_000580,prod_9991,wh_004,2026-03-26,265,36,229,70,187,supp_001,2026-02-16,606.64
snap_000581,prod_7783,wh_001,2026-03-31,176,18,158,24,74,supp_002,2026-01-26,222.92
snap_000582,prod_3061,wh_004,2026-03-08,119,28,91,45,125,supp_004,2026-03-13,961.85
snap_000583,prod_6899,wh_003,2026-03-26,467,9,458,32,73,supp_002,2026-01-30,550.01
snap_000584,prod_5945,wh_003,2026-03-23,105,39,66,21,140,supp_001,2026-03-28,162.51
snap_000585,prod_4117,wh_001,2026-04-02,481,38,443,78,191,supp_001,2026-03-18,56.17
snap_000586,prod_4958,wh_001,2026-03-09,202,7,195,72,170,supp_005,2026-02-13,984.18
snap_000587,prod_8176,wh_005,2026-04-11,376,29,347,56,155,supp_002,2026-02-11,613.57
snap_000588,prod_6395,wh_001,2026-03-04,53,9,44,100,69,supp_002,2026-02-19,257.12
snap_000589,prod_2876,wh_001,2026-02-24,239,40,199,66,179,supp_001,2026-03-01,709.66
snap_000590,prod_6854,wh_002,2026-03-09,454,6,448,23,176,supp_005,2026-03-11,630.71
snap_000591,prod_3166,wh_002,2026-03-21,433,38,395,75,98,supp_005,2026-03-16,260.38
snap_000592,prod_8934,wh_005,2026-03-06,465,7,458,71,170,supp_003,2026-04-10,287.32
snap_000593,prod_7791,wh_005,2026-03-01,438,12,426,77,83,supp_003,2026-03-23,188.82
snap_000594,prod_2442,wh_002,2026-03-07,395,13,382,94,138,supp_005,2026-01-28,665.05
snap_000595,prod_2975,wh_001,2026-03-24,75,6,69,87,66,supp_001,2026-02-18,294.37
snap_000596,prod_4740,wh_002,2026-04-05,43,30,13,29,152,supp_005,2026-02-19,934.28
snap_000597,prod_6839,wh_005,2026-04-08,191,27,164,68,73,supp_002,2026-03-14,999.22
snap_000598,prod_8228,wh_004,2026-03-06,232,8,224,41,174,supp_003,2026-02-06,754.62
snap_000599,prod_2082,wh_003,2026-04-20,73,35,38,30,95,supp_001,2026-04-04,509.82
snap_000600,prod_8866,wh_004,2026-03-14,473,6,467,34,139,supp_002,2026-01-29,428.38
snap_000601,prod_4027,wh_002,2026-04-23,282,20,262,86,124,supp_003,2026-02-11,369.47
snap_000602,prod_3299,wh_002,2026-03-05,119,24,95,62,155,supp_001,2026-02-15,658.46
snap_000603,prod_5117,wh_003,2026-04-08,485,9,476,36,88,supp_005,2026-03-11,935.91
snap_000604,prod_2272,wh_004,2026-04-03,437,33,404,24,138,supp_001,2026-03-03,271.08
snap_000605,prod_4670,wh_004,2026-02-27,65,21,44,20,116,supp_004,2026-03-05,425.4
snap_000606,prod_6337,wh_003,2026-04-04,368,11,357,84,116,supp_005,2026-03-24,602.02
snap_000607,prod_1812,wh_004,2026-03-15,34,32,2,57,117,supp_003,2026-03-05,242.97
snap_000608,prod_2606,wh_004,2026-04-04,146,8,138,79,163,supp_002,2026-02-11,944.56
snap_000609,prod_6643,wh_001,2026-04-12,340,40,300,83,92,supp_003,2026-01-25,292.98
snap_000610,prod_4429,wh_005,2026-04-15,57,14,43,75,171,supp_003,2026-04-03,502.67
snap_000611,prod_6290,wh_001,2026-03-03,373,10,363,71,155,supp_001,2026-04-07,436.58
snap_000612,prod_3236,wh_002,2026-04-06,148,21,127,94,71,supp_004,2026-01-27,495.61
snap_000613,prod_2928,wh_003,2026-03-11,150,17,133,77,128,supp_002,2026-02-23,782.42
snap_000614,prod_5669,wh_002,2026-03-01,227,10,217,83,132,supp_003,2026-02-02,460.29
snap_000615,prod_2678,wh_003,2026-04-03,392,17,375,29,171,supp_005,2026-03-23,413.27
snap_000616,prod_5595,wh_001,2026-04-11,373,10,363,85,148,supp_004,2026-01-27,156.86
snap_000617,prod_1163,wh_005,2026-04-08,81,29,52,85,153,supp_002,2026-02-06,299.19
snap_000618,prod_9794,wh_003,2026-03-08,422,18,404,48,91,supp_005,2026-03-09,495.1
snap_000619,prod_8391,wh_001,2026-03-12,488,37,451,79,182,supp_001,2026-03-08,492.54
snap_000620,prod_7213,wh_004,2026-03-11,424,13,411,52,189,supp_003,2026-02-12,106.19
snap_000621,prod_5950,wh_002,2026-03-16,429,27,402,95,149,supp_001,2026-04-08,871.97
snap_000622,prod_6891,wh_002,2026-04-06,262,33,229,39,164,supp_004,2026-03-31,301.52
snap_000623,prod_3666,wh_003,2026-03-16,72,20,52,58,50,supp_001,2026-03-27,670.42
snap_000624,prod_9602,wh_004,2026-03-14,269,36,233,80,136,supp_004,2026-03-16,355.49
snap_000625,prod_7615,wh_002,2026-02-27,413,32,381,42,75,supp_003,2026-03-24,187.51
snap_000626,prod_6407,wh_003,2026-04-22,260,37,223,64,80,supp_005,2026-02-07,95.09
snap_000627,prod_5071,wh_001,2026-04-16,181,32,149,95,193,supp_002,2026-04-06,195.18
snap_000628,prod_1061,wh_002,2026-03-14,87,21,66,93,151,supp_001,2026-02-17,991.85
snap_000629,prod_1999,wh_002,2026-03-03,62,12,50,60,184,supp_002,2026-03-10,762.21
snap_000630,prod_1509,wh_002,2026-04-04,123,12,111,20,95,supp_003,2026-03-17,485.47
snap_000631,prod_4659,wh_001,2026-03-01,443,29,414,77,59,supp_003,2026-03-27,80.98
snap_000632,prod_9576,wh_001,2026-04-07,323,12,311,20,189,supp_004,2026-04-03,358.34
snap_000633,prod_5677,wh_002,2026-03-06,440,26,414,50,194,supp_004,2026-04-08,242.98
snap_000634,prod_8790,wh_003,2026-04-01,79,5,74,51,52,supp_003,2026-03-23,823.57
snap_000635,prod_9051,wh_001,2026-04-04,342,32,310,33,147,supp_003,2026-02-24,213.16
snap_000636,prod_7989,wh_004,2026-03-09,397,9,388,47,150,supp_001,2026-04-08,943.74
snap_000637,prod_7051,wh_003,2026-03-21,117,38,79,77,109,supp_005,2026-02-10,784.65
snap_000638,prod_7848,wh_001,2026-04-05,175,17,158,75,91,supp_003,2026-04-03,560.52
snap_000639,prod_4770,wh_002,2026-04-07,322,11,311,88,152,supp_005,2026-03-09,419.5
snap_000640,prod_3432,wh_003,2026-03-01,146,30,116,74,147,supp_001,2026-03-02,375.54
snap_000641,prod_4341,wh_005,2026-04-18,494,11,483,67,195,supp_002,2026-02-28,729.48
snap_000642,prod_6794,wh_003,2026-02-28,128,21,107,40,105,supp_004,2026-02-24,647.17
snap_000643,prod_6158,wh_002,2026-03-22,285,34,251,77,185,supp_001,2026-02-16,807.68
snap_000644,prod_2429,wh_001,2026-04-08,462,19,443,83,79,supp_005,2026-03-28,393.13
snap_000645,prod_5391,wh_003,2026-03-05,486,28,458,65,133,supp_002,2026-03-18,841.8
snap_000646,prod_2869,wh_005,2026-03-17,236,24,212,79,191,supp_003,2026-04-05,579.43
snap_000647,prod_7587,wh_002,2026-03-01,136,18,118,98,60,supp_002,2026-03-27,759.8
snap_000648,prod_8031,wh_004,2026-03-09,298,21,277,73,89,supp_003,2026-04-12,119.77
snap_000649,prod_3117,wh_002,2026-04-05,265,10,255,24,183,supp_005,2026-03-31,651.24
snap_000650,prod_1232,wh_003,2026-03-25,83,24,59,37,124,supp_004,2026-02-16,796.2
snap_000651,prod_6865,wh_004,2026-03-17,269,13,256,44,123,supp_002,2026-04-12,979.92
snap_000652,prod_5013,wh_004,2026-04-11,380,20,360,80,197,supp_004,2026-01-26,69.84
snap_000653,prod_7147,wh_003,2026-04-01,41,9,32,84,142,supp_005,2026-02-01,58.91
snap_000654,prod_3092,wh_002,2026-03-22,293,18,275,47,82,supp_002,2026-03-17,439.74
snap_000655,prod_3605,wh_005,2026-03-13,167,25,142,69,80,supp_001,2026-03-15,727.1
snap_000656,prod_3115,wh_004,2026-03-18,396,23,373,97,178,supp_004,2026-04-03,460.18
snap_000657,prod_6853,wh_005,2026-03-02,390,30,360,51,125,supp_005,2026-03-13,899.56
snap_000658,prod_5408,wh_004,2026-03-19,365,36,329,27,87,supp_003,2026-03-19,253.54
snap_000659,prod_5697,wh_004,2026-03-19,57,11,46,63,134,supp_005,2026-02-15,933.05
snap_000660,prod_2826,wh_001,2026-03-19,310,39,271,90,156,supp_002,2026-01-30,655.28
snap_000661,prod_5579,wh_005,2026-04-09,167,24,143,32,79,supp_005,2026-04-08,625.56
snap_000662,prod_9142,wh_005,2026-03-24,137,40,97,83,166,supp_005,2026-03-26,546.0
snap_000663,prod_4827,wh_001,2026-03-09,361,39,322,75,120,supp_002,2026-03-03,844.48
snap_000664,prod_9888,wh_003,2026-03-10,66,14,52,49,155,supp_002,2026-02-25,492.65
snap_000665,prod_3774,wh_003,2026-03-14,76,21,55,33,86,supp_003,2026-03-08,776.67
snap_000666,prod_4879,wh_004,2026-04-20,302,38,264,33,161,supp_001,2026-03-05,693.29
snap_000667,prod_9583,wh_002,2026-03-04,208,33,175,87,199,supp_004,2026-03-23,579.4
snap_000668,prod_9289,wh_003,2026-03-12,343,36,307,71,151,supp_004,2026-03-25,462.35
snap_000669,prod_8835,wh_003,2026-04-23,447,17,430,29,64,supp_003,2026-04-12,897.6
snap_000670,prod_4257,wh_005,2026-03-10,390,21,369,72,124,supp_002,2026-02-23,195.39
snap_000671,prod_4971,wh_002,2026-03-26,302,8,294,97,172,supp_003,2026-02-23,592.58
snap_000672,prod_8735,wh_002,2026-03-07,41,13,28,22,169,supp_002,2026-03-15,573.3
snap_000673,prod_4770,wh_001,2026-02-27,117,35,82,41,164,supp_002,2026-03-30,481.51
snap_000674,prod_7322,wh_004,2026-03-23,79,26,53,77,134,supp_003,2026-02-12,740.38
snap_000675,prod_6184,wh_002,2026-04-18,280,18,262,68,103,supp_003,2026-03-21,726.24
snap_000676,prod_1148,wh_004,2026-04-14,411,11,400,94,157,supp_002,2026-03-11,665.44
snap_000677,prod_5680,wh_001,2026-02-28,77,40,37,30,151,supp_002,2026-02-04,102.3
snap_000678,prod_3255,wh_004,2026-04-21,475,23,452,67,173,supp_003,2026-04-14,483.64
snap_000679,prod_8308,wh_001,2026-03-14,388,32,356,72,150,supp_001,2026-02-01,131.54
snap_000680,prod_7504,wh_001,2026-04-24,260,7,253,86,72,supp_001,2026-04-14,801.25
snap_000681,prod_2375,wh_003,2026-04-09,323,17,306,86,92,supp_003,2026-03-29,700.19
snap_000682,prod_1651,wh_004,2026-04-02,435,6,429,59,55,supp_005,2026-01-26,593.84
snap_000683,prod_2091,wh_005,2026-03-20,236,37,199,39,71,supp_001,2026-02-02,104.18
snap_000684,prod_7297,wh_002,2026-04-12,127,6,121,24,117,supp_004,2026-04-01,95.2
snap_000685,prod_2493,wh_003,2026-03-07,410,8,402,93,171,supp_005,2026-03-18,796.31
snap_000686,prod_6507,wh_004,2026-02-28,221,23,198,22,98,supp_005,2026-03-08,68.61
snap_000687,prod_2983,wh_001,2026-03-24,300,32,268,55,177,supp_002,2026-02-08,401.25
snap_000688,prod_8330,wh_003,2026-03-20,195,36,159,47,145,supp_003,2026-03-28,69.18
snap_000689,prod_5996,wh_001,2026-03-16,326,37,289,92,127,supp_003,2026-02-23,510.07
snap_000690,prod_2823,wh_003,2026-04-02,361,25,336,26,102,supp_001,2026-03-26,803.85
snap_000691,prod_2072,wh_001,2026-04-23,99,40,59,62,76,supp_004,2026-02-22,473.25
snap_000692,prod_4977,wh_005,2026-04-22,254,21,233,47,50,supp_005,2026-03-17,200.11
snap_000693,prod_3738,wh_003,2026-03-24,256,40,216,32,90,supp_004,2026-03-28,370.26
snap_000694,prod_6487,wh_004,2026-04-13,499,23,476,25,50,supp_005,2026-04-04,264.43
snap_000695,prod_1467,wh_005,2026-02-28,225,31,194,89,194,supp_002,2026-03-27,647.62
snap_000696,prod_3050,wh_002,2026-04-13,342,5,337,71,102,supp_001,2026-02-13,229.0
snap_000697,prod_3275,wh_003,2026-03-26,330,30,300,46,62,supp_002,2026-04-11,357.29
snap_000698,prod_2603,wh_004,2026-03-06,494,32,462,92,96,supp_004,2026-03-28,821.11
snap_000699,prod_1322,wh_003,2026-04-14,311,27,284,23,125,supp_001,2026-03-27,644.43
snap_000700,prod_3095,wh_001,2026-04-22,59,33,26,20,110,supp_003,2026-02-22,791.29
snap_000701,prod_2122,wh_002,2026-03-28,40,37,3,89,156,supp_004,2026-02-02,590.96
snap_000702,prod_8173,wh_003,2026-03-07,281,7,274,95,110,supp_005,2026-04-09,494.29
snap_000703,prod_5044,wh_001,2026-04-20,281,27,254,49,150,supp_002,2026-04-14,237.07
snap_000704,prod_2286,wh_004,2026-04-21,445,18,427,88,163,supp_002,2026-03-13,553.41
snap_000705,prod_8998,wh_001,2026-03-21,330,24,306,56,61,supp_004,2026-03-08,912.59
snap_000706,prod_4613,wh_004,2026-04-12,230,33,197,90,79,supp_004,2026-02-10,976.05
snap_000707,prod_4985,wh_004,2026-04-22,238,6,232,91,77,supp_002,2026-03-16,85.75
snap_000708,prod_4649,wh_005,2026-03-10,460,20,440,83,197,supp_005,2026-04-06,921.58
snap_000709,prod_8331,wh_001,2026-02-28,487,19,468,86,122,supp_001,2026-02-16,527.48
snap_000710,prod_5969,wh_003,2026-04-14,459,6,453,68,189,supp_003,2026-01-26,285.04
snap_000711,prod_5494,wh_003,2026-03-27,486,39,447,40,92,supp_005,2026-04-02,741.53
snap_000712,prod_6773,wh_003,2026-04-10,224,19,205,31,105,supp_003,2026-02-02,252.3
snap_000713,prod_3513,wh_004,2026-03-05,446,5,441,48,90,supp_005,2026-03-29,252.38
snap_000714,prod_6190,wh_003,2026-03-25,140,22,118,84,161,supp_002,2026-03-19,935.99
snap_000715,prod_4466,wh_001,2026-04-23,296,30,266,21,83,supp_004,2026-01-31,238.35
snap_000716,prod_9901,wh_003,2026-03-21,484,18,466,97,77,supp_001,2026-03-03,518.3
snap_000717,prod_2128,wh_003,2026-03-21,429,32,397,72,63,supp_003,2026-02-07,301.46
snap_000718,prod_8788,wh_005,2026-04-10,379,30,349,66,122,supp_002,2026-02-26,774.02
snap_000719,prod_5203,wh_002,2026-04-09,347,21,326,86,144,supp_005,2026-04-12,154.1
snap_000720,prod_3625,wh_004,2026-04-10,463,34,429,96,115,supp_003,2026-04-06,574.96
snap_000721,prod_6803,wh_005,2026-03-26,414,22,392,95,170,supp_003,2026-03-31,100.41
snap_000722,prod_4293,wh_003,2026-04-07,281,38,243,84,81,supp_004,2026-03-28,947.0
snap_000723,prod_7947,wh_001,2026-04-10,430,34,396,41,106,supp_002,2026-02-21,436.51
snap_000724,prod_7071,wh_003,2026-04-23,357,39,318,86,93,supp_005,2026-03-09,654.99
snap_000725,prod_3018,wh_005,2026-04-17,253,29,224,26,75,supp_002,2026-03-09,234.36
snap_000726,prod_2493,wh_001,2026-03-20,159,9,150,92,185,supp_002,2026-02-20,377.72
snap_000727,prod_7349,wh_002,2026-04-01,452,33,419,93,178,supp_005,2026-03-21,499.89
snap_000728,prod_5341,wh_005,2026-04-12,148,14,134,49,143,supp_005,2026-02-18,91.21
snap_000729,prod_1287,wh_001,2026-02-27,447,28,419,86,85,supp_003,2026-01-28,989.68
snap_000730,prod_4298,wh_002,2026-03-23,213,14,199,94,111,supp_004,2026-02-08,501.01
snap_000731,prod_6788,wh_004,2026-04-12,176,12,164,91,157,supp_004,2026-02-24,97.52
snap_000732,prod_3966,wh_004,2026-04-19,349,11,338,85,54,supp_001,2026-03-21,106.26
snap_000733,prod_8728,wh_003,2026-02-28,211,32,179,55,149,supp_004,2026-04-06,923.92
snap_000734,prod_5402,wh_004,2026-03-29,135,20,115,71,180,supp_003,2026-02-24,128.46
snap_000735,prod_8395,wh_001,2026-03-08,222,27,195,27,91,supp_004,2026-03-18,960.28
snap_000736,prod_5515,wh_002,2026-03-31,386,19,367,94,60,supp_005,2026-03-17,100.75
snap_000737,prod_7706,wh_003,2026-03-20,286,36,250,61,128,supp_004,2026-01-30,548.08
snap_000738,prod_2389,wh_005,2026-03-06,484,38,446,20,66,supp_004,2026-02-07,394.44
snap_000739,prod_6219,wh_004,2026-03-22,129,33,96,76,129,supp_003,2026-03-11,376.96
snap_000740,prod_6930,wh_001,2026-02-28,300,27,273,30,52,supp_001,2026-04-09,579.51
snap_000741,prod_7007,wh_004,2026-03-12,38,40,-2,47,197,supp_003,2026-02-09,598.31
snap_000742,prod_5393,wh_004,2026-04-09,67,31,36,31,145,supp_003,2026-02-10,212.03
snap_000743,prod_9513,wh_001,2026-02-26,429,35,394,62,163,supp_001,2026-03-18,85.71
snap_000744,prod_1359,wh_003,2026-03-22,296,19,277,90,134,supp_001,2026-03-08,814.02
snap_000745,prod_1318,wh_002,2026-04-19,128,31,97,71,129,supp_001,2026-04-12,483.4
snap_000746,prod_8429,wh_001,2026-02-26,155,23,132,98,199,supp_005,2026-02-10,273.39
snap_000747,prod_2336,wh_001,2026-04-02,172,13,159,99,68,supp_003,2026-04-04,935.22
snap_000748,prod_1587,wh_001,2026-02-25,99,36,63,27,157,supp_001,2026-03-31,671.84
snap_000749,prod_1523,wh_004,2026-04-21,382,12,370,59,158,supp_001,2026-04-06,255.88
snap_000750,prod_7523,wh_003,2026-04-18,243,35,208,95,199,supp_003,2026-02-21,908.07
snap_000751,prod_4168,wh_005,2026-04-14,461,18,443,86,62,supp_004,2026-03-13,490.31
snap_000752,prod_4838,wh_001,2026-04-21,156,22,134,81,154,supp_005,2026-02-27,847.91
snap_000753,prod_9826,wh_001,2026-03-07,374,32,342,87,68,supp_004,2026-04-07,988.78
snap_000754,prod_1964,wh_001,2026-02-26,74,14,60,41,165,supp_003,2026-02-14,509.53
snap_000755,prod_3210,wh_002,2026-04-21,53,32,21,59,74,supp_002,2026-03-15,985.35
snap_000756,prod_5444,wh_002,2026-03-02,121,14,107,48,131,supp_002,2026-04-05,321.18
snap_000757,prod_7370,wh_002,2026-03-13,125,6,119,76,97,supp_004,2026-02-23,651.27
snap_000758,prod_8523,wh_004,2026-02-27,253,35,218,67,110,supp_001,2026-04-05,651.95
snap_000759,prod_2895,wh_004,2026-03-19,345,14,331,52,155,supp_001,2026-03-16,336.3
snap_000760,prod_3135,wh_004,2026-04-17,422,26,396,63,139,supp_004,2026-02-26,611.53
snap_000761,prod_8630,wh_004,2026-03-04,82,5,77,81,111,supp_001,2026-03-31,317.45
snap_000762,prod_6195,wh_004,2026-03-02,141,23,118,80,100,supp_003,2026-03-03,188.79
snap_000763,prod_1755,wh_005,2026-04-12,34,20,14,21,99,supp_004,2026-01-25,614.44
snap_000764,prod_5372,wh_003,2026-04-19,117,21,96,26,178,supp_002,2026-04-02,513.58
snap_000765,prod_1909,wh_004,2026-03-01,48,12,36,52,87,supp_003,2026-02-05,514.62
snap_000766,prod_5178,wh_003,2026-04-23,41,35,6,73,54,supp_001,2026-03-11,89.7
snap_000767,prod_6829,wh_004,2026-04-18,127,7,120,81,144,supp_001,2026-04-03,149.86
snap_000768,prod_8378,wh_004,2026-03-29,161,27,134,76,81,supp_002,2026-03-17,670.35
snap_000769,prod_6420,wh_002,2026-03-13,299,8,291,69,99,supp_005,2026-04-10,560.18
snap_000770,prod_3376,wh_003,2026-03-26,279,36,243,37,151,supp_002,2026-02-01,262.16
snap_000771,prod_3715,wh_001,2026-03-28,42,22,20,59,94,supp_005,2026-02-14,550.24
snap_000772,prod_9974,wh_005,2026-03-10,221,31,190,94,174,supp_002,2026-01-27,590.66
snap_000773,prod_6776,wh_004,2026-03-11,427,29,398,49,137,supp_001,2026-02-04,414.39
snap_000774,prod_6797,wh_005,2026-03-09,156,11,145,63,154,supp_003,2026-04-06,90.32
snap_000775,prod_7346,wh_005,2026-03-18,216,9,207,80,121,supp_004,2026-02-12,625.83
snap_000776,prod_9812,wh_004,2026-03-19,113,11,102,56,172,supp_003,2026-01-27,365.98
snap_000777,prod_3394,wh_003,2026-03-09,113,6,107,22,62,supp_005,2026-02-14,138.49
snap_000778,prod_9636,wh_002,2026-03-24,123,8,115,53,65,supp_001,2026-04-11,120.46
snap_000779,prod_8289,wh_005,2026-03-19,162,19,143,67,97,supp_004,2026-03-27,666.16
snap_000780,prod_3567,wh_004,2026-04-24,291,36,255,44,102,supp_004,2026-01-25,416.44
snap_000781,prod_7708,wh_001,2026-03-21,137,28,109,98,106,supp_004,2026-01-27,923.12
snap_000782,prod_9173,wh_005,2026-04-12,274,23,251,53,86,supp_001,2026-03-03,771.85
snap_000783,prod_2700,wh_005,2026-02-27,466,20,446,41,197,supp_001,2026-03-15,558.73
snap_000784,prod_6831,wh_004,2026-04-04,79,17,62,55,188,supp_005,2026-01-29,74.08
snap_000785,prod_6082,wh_004,2026-03-15,172,20,152,44,156,supp_003,2026-02-28,814.24
snap_000786,prod_9396,wh_001,2026-03-13,406,27,379,62,136,supp_005,2026-02-18,482.54
snap_000787,prod_2682,wh_004,2026-04-16,365,16,349,48,123,supp_004,2026-02-23,55.94
snap_000788,prod_9603,wh_005,2026-03-19,378,29,349,49,92,supp_002,2026-02-04,281.77
snap_000789,prod_8862,wh_005,2026-04-13,453,18,435,66,117,supp_005,2026-02-17,953.01
snap_000790,prod_4044,wh_001,2026-04-23,58,39,19,71,63,supp_003,2026-01-25,115.05
snap_000791,prod_5995,wh_005,2026-02-24,436,19,417,80,117,supp_001,2026-03-09,679.93
snap_000792,prod_5934,wh_003,2026-04-01,266,10,256,84,152,supp_002,2026-01-26,670.7
snap_000793,prod_7751,wh_002,2026-03-24,343,13,330,33,119,supp_004,2026-03-03,179.91
snap_000794,prod_3907,wh_002,2026-03-06,182,13,169,25,82,supp_002,2026-03-30,768.3
snap_000795,prod_7907,wh_003,2026-03-08,279,21,258,26,113,supp_001,2026-02-12,780.76
snap_000796,prod_3056,wh_003,2026-04-04,100,24,76,87,182,supp_005,2026-04-03,232.3
snap_000797,prod_5685,wh_004,2026-04-23,140,23,117,92,175,supp_004,2026-03-18,959.22
snap_000798,prod_4544,wh_003,2026-04-01,429,32,397,37,167,supp_004,2026-03-04,481.8
snap_000799,prod_6616,wh_003,2026-03-23,180,7,173,81,121,supp_003,2026-04-03,238.83
snap_000800,prod_6603,wh_004,2026-04-22,332,39,293,37,186,supp_004,2026-02-05,301.64
snap_000801,prod_7484,wh_003,2026-04-18,475,13,462,33,113,supp_001,2026-03-02,180.09
snap_000802,prod_3963,wh_004,2026-03-19,401,35,366,54,51,supp_001,2026-03-31,276.32
snap_000803,prod_6509,wh_004,2026-03-13,49,38,11,82,113,supp_004,2026-04-02,718.3
snap_000804,prod_3302,wh_001,2026-02-25,415,38,377,47,183,supp_002,2026-02-03,646.23
snap_000805,prod_3960,wh_002,2026-03-06,47,12,35,64,127,supp_003,2026-03-23,451.34
snap_000806,prod_8848,wh_002,2026-04-07,172,27,145,28,190,supp_004,2026-01-31,750.32
snap_000807,prod_9709,wh_005,2026-03-26,42,7,35,35,71,supp_003,2026-02-27,408.38
snap_000808,prod_6913,wh_002,2026-04-23,346,28,318,27,77,supp_001,2026-03-18,704.02
snap_000809,prod_6827,wh_001,2026-03-07,394,28,366,73,139,supp_002,2026-01-29,693.9
snap_000810,prod_3985,wh_003,2026-03-06,81,22,59,38,55,supp_004,2026-04-02,472.78
snap_000811,prod_8123,wh_001,2026-04-20,329,11,318,28,71,supp_002,2026-02-10,209.06
snap_000812,prod_5973,wh_002,2026-03-05,200,14,186,24,127,supp_001,2026-02-11,938.2
snap_000813,prod_9666,wh_005,2026-03-15,455,14,441,85,50,supp_002,2026-03-20,893.26
snap_000814,prod_4427,wh_001,2026-04-01,188,9,179,28,56,supp_004,2026-03-16,868.43
snap_000815,prod_5942,wh_001,2026-04-15,280,34,246,74,114,supp_001,2026-03-17,338.54
snap_000816,prod_2038,wh_001,2026-04-15,426,10,416,42,163,supp_003,2026-03-18,851.59
snap_000817,prod_7645,wh_001,2026-03-05,81,8,73,91,94,supp_001,2026-02-25,605.26
snap_000818,prod_4688,wh_002,2026-04-09,69,21,48,94,147,supp_003,2026-02-04,685.55
snap_000819,prod_6511,wh_005,2026-03-15,183,21,162,56,123,supp_004,2026-04-04,580.76
snap_000820,prod_3375,wh_001,2026-04-03,378,19,359,26,122,supp_005,2026-02-13,388.92
snap_000821,prod_1366,wh_004,2026-03-08,305,38,267,35,123,supp_001,2026-04-08,229.99
snap_000822,prod_9219,wh_001,2026-04-18,143,28,115,97,51,supp_001,2026-02-09,900.55
snap_000823,prod_5887,wh_003,2026-03-15,51,8,43,54,102,supp_002,2026-02-20,475.81
snap_000824,prod_6489,wh_002,2026-03-08,204,38,166,99,177,supp_005,2026-02-18,928.6
snap_000825,prod_1182,wh_004,2026-03-23,227,30,197,53,151,supp_002,2026-03-09,622.27
snap_000826,prod_1303,wh_005,2026-03-07,301,14,287,57,97,supp_001,2026-03-01,624.6
snap_000827,prod_6171,wh_004,2026-03-12,61,18,43,25,131,supp_001,2026-04-12,835.79
snap_000828,prod_3563,wh_004,2026-04-13,458,8,450,22,67,supp_002,2026-04-09,333.72
snap_000829,prod_8628,wh_002,2026-03-18,83,22,61,50,180,supp_002,2026-04-02,891.46
snap_000830,prod_9200,wh_001,2026-04-06,148,6,142,44,121,supp_001,2026-03-16,338.92
snap_000831,prod_6525,wh_003,2026-02-27,58,7,51,69,69,supp_002,2026-04-05,456.38
snap_000832,prod_2731,wh_001,2026-04-12,421,19,402,65,197,supp_002,2026-03-23,84.96
snap_000833,prod_2864,wh_002,2026-02-26,202,25,177,62,163,supp_002,2026-04-04,113.5
snap_000834,prod_9067,wh_001,2026-04-17,183,14,169,57,151,supp_005,2026-03-09,915.97
snap_000835,prod_5118,wh_002,2026-03-09,385,15,370,80,84,supp_003,2026-03-04,883.56
snap_000836,prod_4814,wh_002,2026-03-14,480,17,463,73,148,supp_002,2026-04-02,622.86
snap_000837,prod_8152,wh_002,2026-04-06,359,20,339,69,74,supp_003,2026-03-11,530.96
snap_000838,prod_5483,wh_005,2026-04-11,472,24,448,38,132,supp_001,2026-03-27,588.65
snap_000839,prod_6243,wh_005,2026-03-15,302,33,269,79,83,supp_002,2026-02-19,654.09
snap_000840,prod_8882,wh_003,2026-03-05,332,18,314,55,53,supp_005,2026-04-10,320.96
snap_000841,prod_5653,wh_005,2026-03-15,357,39,318,31,125,supp_005,2026-01-30,180.61
snap_000842,prod_8393,wh_002,2026-03-23,115,39,76,20,78,supp_004,2026-02-09,303.18
snap_000843,prod_9793,wh_002,2026-03-19,33,20,13,46,97,supp_003,2026-04-06,726.35
snap_000844,prod_3535,wh_005,2026-03-23,298,8,290,20,62,supp_001,2026-04-14,147.53
snap_000845,prod_3802,wh_002,2026-03-12,67,30,37,25,103,supp_005,2026-03-16,886.26
snap_000846,prod_4608,wh_005,2026-04-01,383,24,359,39,155,supp_001,2026-02-15,780.94
snap_000847,prod_1264,wh_004,2026-03-14,37,13,24,79,156,supp_003,2026-03-02,878.82
snap_000848,prod_9205,wh_002,2026-03-05,260,33,227,36,114,supp_005,2026-03-21,905.44
snap_000849,prod_1088,wh_005,2026-03-22,229,26,203,20,178,supp_004,2026-01-27,697.36
snap_000850,prod_9762,wh_004,2026-03-14,76,37,39,24,105,supp_003,2026-03-22,363.97
snap_000851,prod_3911,wh_005,2026-03-22,62,18,44,63,102,supp_004,2026-03-27,255.8
snap_000852,prod_8225,wh_002,2026-03-08,105,5,100,93,127,supp_001,2026-03-28,665.18
snap_000853,prod_3408,wh_004,2026-04-08,315,38,277,48,85,supp_001,2026-04-05,969.1
snap_000854,prod_9291,wh_005,2026-03-10,424,23,401,92,128,supp_003,2026-02-21,555.7
snap_000855,prod_5437,wh_003,2026-04-13,465,26,439,37,99,supp_005,2026-03-13,366.99
snap_000856,prod_6830,wh_001,2026-03-07,392,23,369,84,110,supp_004,2026-02-02,363.43
snap_000857,prod_6449,wh_004,2026-03-18,399,13,386,55,132,supp_002,2026-02-20,231.8
snap_000858,prod_7651,wh_004,2026-03-13,444,37,407,69,69,supp_003,2026-02-10,381.51
snap_000859,prod_8923,wh_001,2026-03-28,191,10,181,55,200,supp_005,2026-03-15,282.23
snap_000860,prod_6380,wh_005,2026-04-11,456,28,428,68,113,supp_004,2026-04-09,878.29
snap_000861,prod_5454,wh_001,2026-03-14,227,25,202,62,122,supp_001,2026-02-24,934.34
snap_000862,prod_8075,wh_002,2026-02-28,414,40,374,49,116,supp_001,2026-03-19,965.82
snap_000863,prod_4292,wh_005,2026-02-26,224,24,200,42,168,supp_005,2026-03-25,829.92
snap_000864,prod_4584,wh_002,2026-02-25,286,38,248,58,157,supp_002,2026-03-07,93.52
snap_000865,prod_2952,wh_005,2026-04-14,187,16,171,65,109,supp_002,2026-03-03,569.44
snap_000866,prod_5605,wh_005,2026-04-13,444,10,434,51,157,supp_005,2026-03-13,499.42
snap_000867,prod_3291,wh_003,2026-03-22,296,6,290,53,117,supp_004,2026-02-11,347.37
snap_000868,prod_7624,wh_001,2026-02-25,407,15,392,66,95,supp_005,2026-02-17,979.08
snap_000869,prod_6386,wh_002,2026-04-02,76,30,46,86,100,supp_001,2026-03-20,847.28
snap_000870,prod_2170,wh_001,2026-03-23,356,5,351,67,60,supp_004,2026-04-08,803.87
snap_000871,prod_8676,wh_003,2026-03-23,339,14,325,72,86,supp_002,2026-03-31,383.67
snap_000872,prod_7243,wh_001,2026-04-22,276,27,249,88,64,supp_001,2026-04-05,645.77
snap_000873,prod_9518,wh_004,2026-03-03,428,15,413,77,188,supp_001,2026-03-31,376.33
snap_000874,prod_2548,wh_001,2026-03-07,250,5,245,90,53,supp_005,2026-04-03,865.84
snap_000875,prod_5423,wh_002,2026-04-04,212,28,184,95,190,supp_003,2026-03-17,112.6
snap_000876,prod_3528,wh_001,2026-04-01,447,23,424,100,177,supp_002,2026-04-02,805.56
snap_000877,prod_6390,wh_003,2026-03-02,446,8,438,39,112,supp_003,2026-01-31,816.0
snap_000878,prod_8159,wh_003,2026-03-07,442,24,418,22,165,supp_001,2026-04-06,878.24
snap_000879,prod_8102,wh_004,2026-03-15,127,21,106,61,123,supp_004,2026-04-14,101.89
snap_000880,prod_1598,wh_004,2026-03-07,224,39,185,87,83,supp_005,2026-03-14,502.91
snap_000881,prod_8312,wh_003,2026-03-22,379,32,347,70,83,supp_002,2026-03-21,321.91
snap_000882,prod_1755,wh_001,2026-04-24,212,28,184,57,131,supp_002,2026-01-25,298.92
snap_000883,prod_2220,wh_001,2026-03-05,190,40,150,38,157,supp_005,2026-02-23,898.42
snap_000884,prod_6533,wh_002,2026-03-09,359,16,343,99,108,supp_005,2026-02-05,928.83
snap_000885,prod_6378,wh_004,2026-03-10,204,40,164,48,116,supp_001,2026-03-19,535.22
snap_000886,prod_5252,wh_002,2026-03-19,239,13,226,70,92,supp_002,2026-03-08,706.06
snap_000887,prod_4203,wh_004,2026-04-08,404,15,389,92,146,supp_005,2026-02-18,531.18
snap_000888,prod_1694,wh_004,2026-02-26,285,26,259,58,137,supp_004,2026-02-16,539.06
snap_000889,prod_7400,wh_003,2026-03-15,387,9,378,30,157,supp_005,2026-04-03,486.17
snap_000890,prod_9028,wh_003,2026-03-07,180,31,149,38,144,supp_005,2026-03-12,448.1
snap_000891,prod_3056,wh_002,2026-03-24,497,25,472,81,71,supp_001,2026-03-16,195.77
snap_000892,prod_5020,wh_004,2026-04-19,286,12,274,71,185,supp_002,2026-04-06,886.2
snap_000893,prod_2576,wh_001,2026-04-01,160,26,134,38,197,supp_001,2026-02-20,907.56
snap_000894,prod_6730,wh_003,2026-04-05,349,29,320,70,192,supp_005,2026-02-16,719.84
snap_000895,prod_6556,wh_003,2026-03-04,339,12,327,98,172,supp_002,2026-04-04,611.78
snap_000896,prod_4374,wh_002,2026-03-21,385,11,374,39,136,supp_001,2026-04-09,246.31
snap_000897,prod_6439,wh_005,2026-04-13,363,13,350,87,74,supp_002,2026-02-27,671.64
snap_000898,prod_2450,wh_001,2026-03-08,470,15,455,65,52,supp_003,2026-02-19,380.2
snap_000899,prod_3278,wh_005,2026-04-21,307,30,277,34,172,supp_002,2026-02-05,908.2
snap_000900,prod_5007,wh_003,2026-04-03,127,14,113,94,188,supp_005,2026-02-04,112.82
snap_000901,prod_4188,wh_005,2026-04-13,383,7,376,91,175,supp_001,2026-03-09,735.66
snap_000902,prod_6125,wh_003,2026-02-28,348,34,314,89,64,supp_005,2026-03-11,313.51
snap_000903,prod_6176,wh_002,2026-03-31,328,24,304,79,71,supp_002,2026-02-13,142.65
snap_000904,prod_1841,wh_003,2026-04-19,409,30,379,74,78,supp_005,2026-03-31,398.05
snap_000905,prod_2048,wh_002,2026-04-24,50,8,42,66,193,supp_001,2026-02-10,710.27
snap_000906,prod_8460,wh_003,2026-03-01,386,38,348,76,182,supp_005,2026-02-11,960.0
snap_000907,prod_7972,wh_005,2026-03-24,410,39,371,36,186,supp_002,2026-02-02,216.94
snap_000908,prod_9681,wh_003,2026-03-17,138,12,126,33,121,supp_003,2026-03-23,522.88
snap_000909,prod_8853,wh_001,2026-02-24,295,12,283,89,89,supp_005,2026-03-22,606.81
snap_000910,prod_3117,wh_001,2026-03-05,61,12,49,91,107,supp_003,2026-04-05,549.74
snap_000911,prod_1647,wh_002,2026-03-29,415,6,409,54,135,supp_005,2026-04-06,536.8
snap_000912,prod_8069,wh_004,2026-03-08,302,33,269,35,121,supp_003,2026-03-09,502.61
snap_000913,prod_7980,wh_005,2026-04-12,288,18,270,84,88,supp_005,2026-03-09,479.59
snap_000914,prod_6125,wh_003,2026-04-10,40,37,3,86,150,supp_004,2026-03-15,53.21
snap_000915,prod_9618,wh_004,2026-03-04,81,15,66,27,99,supp_002,2026-01-31,321.99
snap_000916,prod_6483,wh_003,2026-03-24,435,16,419,67,188,supp_003,2026-03-06,661.37
snap_000917,prod_6832,wh_005,2026-04-13,290,19,271,67,161,supp_005,2026-04-11,598.2
snap_000918,prod_5939,wh_005,2026-03-06,133,10,123,30,61,supp_003,2026-02-12,258.02
snap_000919,prod_1980,wh_002,2026-03-12,335,29,306,67,147,supp_005,2026-02-17,603.81
snap_000920,prod_2869,wh_004,2026-04-07,276,17,259,95,175,supp_003,2026-04-14,636.38
snap_000921,prod_2724,wh_005,2026-03-06,330,16,314,32,129,supp_001,2026-01-26,913.88
snap_000922,prod_2156,wh_002,2026-03-19,391,40,351,27,193,supp_001,2026-02-21,67.73
snap_000923,prod_4652,wh_004,2026-03-31,478,27,451,75,171,supp_005,2026-04-01,411.46
snap_000924,prod_3448,wh_001,2026-03-02,409,13,396,94,98,supp_004,2026-02-05,614.74
snap_000925,prod_9038,wh_002,2026-03-02,183,38,145,49,197,supp_005,2026-02-04,525.54
snap_000926,prod_1389,wh_004,2026-03-22,174,19,155,63,140,supp_002,2026-03-20,999.65
snap_000927,prod_2191,wh_004,2026-04-02,349,18,331,43,166,supp_005,2026-02-09,273.85
snap_000928,prod_9098,wh_005,2026-04-19,69,21,48,75,118,supp_001,2026-01-30,699.4
snap_000929,prod_8953,wh_002,2026-04-01,243,22,221,20,199,supp_002,2026-03-13,604.29
snap_000930,prod_3351,wh_001,2026-03-24,159,19,140,48,92,supp_005,2026-04-12,899.37
snap_000931,prod_3302,wh_005,2026-03-24,224,25,199,70,74,supp_004,2026-02-17,516.56
snap_000932,prod_3424,wh_002,2026-03-13,85,22,63,20,117,supp_005,2026-02-20,414.53
snap_000933,prod_5629,wh_001,2026-03-07,128,23,105,34,198,supp_001,2026-03-11,398.43
snap_000934,prod_3387,wh_003,2026-03-07,372,23,349,40,54,supp_003,2026-03-08,999.84
snap_000935,prod_5111,wh_001,2026-03-12,97,15,82,41,189,supp_003,2026-02-06,598.62
snap_000936,prod_5843,wh_004,2026-04-14,316,14,302,99,61,supp_004,2026-02-02,704.69
snap_000937,prod_5925,wh_004,2026-04-13,111,21,90,85,135,supp_004,2026-03-25,93.01
snap_000938,prod_2879,wh_003,2026-04-16,140,21,119,35,109,supp_002,2026-03-12,503.42
snap_000939,prod_3531,wh_005,2026-03-24,220,9,211,83,160,supp_001,2026-03-06,704.93
snap_000940,prod_3552,wh_005,2026-04-02,284,35,249,54,134,supp_002,2026-03-10,703.42
snap_000941,prod_7133,wh_001,2026-04-06,259,38,221,91,50,supp_003,2026-04-12,52.12
snap_000942,prod_4552,wh_004,2026-03-15,62,16,46,25,141,supp_001,2026-02-06,264.96
snap_000943,prod_3830,wh_005,2026-04-24,445,32,413,35,117,supp_002,2026-02-17,937.1
snap_000944,prod_6872,wh_001,2026-03-25,87,20,67,81,149,supp_004,2026-01-30,104.14
snap_000945,prod_1485,wh_005,2026-03-24,493,5,488,83,166,supp_003,2026-03-10,357.07
snap_000946,prod_7824,wh_003,2026-04-05,44,29,15,22,95,supp_004,2026-03-24,660.49
snap_000947,prod_4680,wh_001,2026-04-14,258,5,253,61,142,supp_003,2026-02-08,899.17
snap_000948,prod_3121,wh_004,2026-03-06,348,39,309,35,123,supp_003,2026-04-02,479.55
snap_000949,prod_1321,wh_002,2026-03-18,31,9,22,45,51,supp_002,2026-03-06,652.65
snap_000950,prod_6955,wh_001,2026-04-13,47,5,42,77,127,supp_002,2026-01-29,556.53
snap_000951,prod_6582,wh_005,2026-04-10,102,9,93,42,180,supp_002,2026-02-17,384.83
snap_000952,prod_7050,wh_002,2026-03-15,234,23,211,29,186,supp_004,2026-04-13,526.54
snap_000953,prod_3116,wh_001,2026-04-01,174,16,158,33,191,supp_003,2026-03-22,398.52
snap_000954,prod_5237,wh_003,2026-04-04,31,7,24,64,195,supp_001,2026-03-13,997.35
snap_000955,prod_6635,wh_001,2026-04-02,305,18,287,87,154,supp_003,2026-03-04,484.15
snap_000956,prod_3471,wh_005,2026-03-02,215,6,209,91,62,supp_005,2026-02-09,557.22
snap_000957,prod_4766,wh_005,2026-03-08,182,22,160,89,185,supp_003,2026-02-11,828.48
snap_000958,prod_6539,wh_002,2026-03-15,231,9,222,86,177,supp_004,2026-04-13,862.17
snap_000959,prod_8947,wh_001,2026-04-03,442,21,421,100,147,supp_005,2026-03-23,652.37
snap_000960,prod_6110,wh_003,2026-04-18,496,34,462,20,122,supp_001,2026-02-25,504.12
snap_000961,prod_2801,wh_002,2026-03-18,219,16,203,45,99,supp_001,2026-01-30,592.05
snap_000962,prod_6106,wh_004,2026-03-09,384,24,360,53,113,supp_005,2026-03-31,202.81
snap_000963,prod_5058,wh_001,2026-03-04,185,9,176,63,68,supp_002,2026-02-17,195.97
snap_000964,prod_4447,wh_003,2026-04-16,298,33,265,89,169,supp_004,2026-04-05,127.86
snap_000965,prod_6451,wh_002,2026-03-22,391,10,381,25,163,supp_005,2026-03-15,559.6
snap_000966,prod_3262,wh_003,2026-04-12,317,39,278,95,113,supp_003,2026-02-23,286.99
snap_000967,prod_7392,wh_003,2026-03-20,329,32,297,72,66,supp_002,2026-04-04,926.55
snap_000968,prod_8066,wh_001,2026-04-09,179,17,162,58,102,supp_005,2026-03-04,987.57
snap_000969,prod_4564,wh_004,2026-04-12,134,37,97,32,179,supp_002,2026-04-01,298.9
snap_000970,prod_4952,wh_001,2026-03-27,54,7,47,34,183,supp_003,2026-02-22,901.77
snap_000971,prod_8475,wh_003,2026-04-22,326,30,296,75,89,supp_003,2026-01-27,927.85
snap_000972,prod_4401,wh_005,2026-04-02,313,18,295,27,117,supp_003,2026-02-10,364.2
snap_000973,prod_3759,wh_002,2026-04-13,260,8,252,37,79,supp_003,2026-04-06,57.06
snap_000974,prod_7752,wh_005,2026-04-24,142,39,103,34,83,supp_004,2026-03-09,234.95
snap_000975,prod_7935,wh_002,2026-04-21,427,37,390,54,157,supp_001,2026-01-31,114.96
snap_000976,prod_8367,wh_003,2026-04-19,60,26,34,83,76,supp_004,2026-03-14,630.41
snap_000977,prod_5445,wh_001,2026-03-16,35,30,5,89,126,supp_001,2026-02-02,442.76
snap_000978,prod_5341,wh_003,2026-03-28,100,6,94,69,96,supp_005,2026-02-07,770.16
snap_000979,prod_7022,wh_001,2026-03-30,153,21,132,81,186,supp_001,2026-03-25,345.18
snap_000980,prod_2239,wh_002,2026-03-18,105,27,78,96,174,supp_004,2026-04-10,72.73
snap_000981,prod_8545,wh_001,2026-04-17,283,18,265,44,56,supp_001,2026-02-17,122.69
snap_000982,prod_9195,wh_002,2026-04-11,179,9,170,99,140,supp_004,2026-02-02,602.11
snap_000983,prod_8150,wh_002,2026-02-28,123,30,93,39,154,supp_004,2026-03-04,435.24
snap_000984,prod_1904,wh_005,2026-03-18,236,25,211,70,59,supp_001,2026-02-03,978.74
snap_000985,prod_5250,wh_001,2026-03-21,202,40,162,70,184,supp_002,2026-03-12,574.9
snap_000986,prod_6376,wh_005,2026-03-30,477,25,452,83,168,supp_002,2026-02-08,368.6
snap_000987,prod_1677,wh_005,2026-04-24,331,10,321,54,79,supp_001,2026-03-25,913.13
snap_000988,prod_7855,wh_005,2026-03-21,125,7,118,100,177,supp_001,2026-03-20,52.51
snap_000989,prod_2603,wh_005,2026-04-21,364,15,349,29,116,supp_004,2026-04-11,274.38
snap_000990,prod_8101,wh_004,2026-04-06,425,18,407,84,190,supp_005,2026-04-09,663.94
snap_000991,prod_3970,wh_005,2026-04-12,119,22,97,44,78,supp_001,2026-02-21,755.18
snap_000992,prod_8044,wh_005,2026-03-05,105,40,65,20,101,supp_004,2026-02-10,938.7
snap_000993,prod_2211,wh_003,2026-02-28,320,36,284,96,157,supp_001,2026-03-30,659.45
snap_000994,prod_6153,wh_001,2026-04-01,211,26,185,38,52,supp_004,2026-02-07,548.68
snap_000995,prod_9962,wh_004,2026-04-01,216,38,178,60,165,supp_001,2026-02-08,297.47
snap_000996,prod_6139,wh_004,2026-03-14,126,39,87,59,71,supp_003,2026-03-07,85.97
snap_000997,prod_7721,wh_003,2026-03-25,93,8,85,24,125,supp_005,2026-03-02,443.85
snap_000998,prod_5888,wh_003,2026-04-03,199,6,193,70,72,supp_004,2026-04-01,866.43
snap_000999,prod_8668,wh_004,2026-02-27,376,30,346,67,58,supp_003,2026-04-06,420.37
snap_001000,prod_5642,wh_004,2026-04-17,360,11,349,29,148,supp_005,2026-03-07,78.88
